498.13753917,0.00092350
498.29442466,0.00013204
498.45131842,-0.00043420
498.60822047,0.00170372
498.76513079,0.00284262
498.92204938,0.00201740
499.07897625,0.00179335
499.23591138,0.00219136
499.39285479,0.00037922
499.54980645,0.00106968
499.70676638,0.00044074
499.86373458,0.00176495
500.02071102,0.00067063
500.17769573,0.00017117
500.33468869,0.00081692
500.49168989,0.00125419
500.64869935,0.00149543
500.80571706,0.00076612
500.96274300,0.00077180
501.11977719,0.00180493
501.27681962,0.00113748
501.43387029,0.00042959
501.59092919,0.00221991
501.74799632,-0.00044611
501.90507169,-0.00055845
502.06215528,0.00149042
502.21924710,0.00131666
502.37634714,0.00283133
502.53345540,0.00215295
502.69057188,0.00070510
502.84769658,0.00118739
503.00482949,0.00091778
503.16197062,0.00022132
503.31911995,-0.00040699
503.47627749,0.00123732
503.63344324,0.00130507
503.79061719,0.00225312
503.94779934,0.00121545
504.10498968,0.00160279
504.26218823,0.00099047
504.41939496,0.00007555
504.57660989,0.00105790
504.73383301,0.00232085
504.89106431,0.00150680
505.04830380,0.00133323
505.20555147,0.00218034
505.36280732,0.00102990
505.52007134,-0.00006430
505.67734355,0.00114812
505.83462392,0.00183258
505.99191247,0.00072705
506.14920918,0.00014291
506.30651406,0.00136704
506.46382710,0.00094576
506.62114830,-0.00067552
506.77847767,0.00103519
506.93581519,0.00115942
507.09316086,0.00072734
507.25051469,0.00152933
507.40787666,0.00151303
507.56524679,0.00167486
507.72262505,0.00070442
507.88001147,0.00038469
508.03740602,-0.00018769
508.19480871,0.00259564
508.35221953,0.00227032
508.50963849,0.00135060
508.66706558,0.00119362
508.82450080,0.00146861
508.98194415,0.00133315
509.13939562,0.00224252
509.29685522,0.00071567
509.45432293,0.00141724
509.61179876,0.00103574
509.76928271,-0.00020423
509.92677477,0.00131611
510.08427494,-0.00054693
510.24178321,0.00067634
510.39929960,0.00058100
510.55682409,0.00126567
510.71435668,0.00079965
510.87189737,0.00076091
511.02944615,0.00085645
511.18700303,0.00041266
511.34456800,0.00078309
511.50214106,0.00187154
511.65972221,0.00104743
511.81731145,0.00215819
511.97490877,-0.00036139
512.13251417,0.00003719
512.29012764,0.00201262
512.44774920,0.00204577
512.60537882,0.00264689
512.76301652,0.00068815
512.92066229,0.00233763
513.07831613,0.00072760
513.23597803,0.00169211
513.39364799,0.00118120
513.55132601,0.00017110
513.70901209,0.00082868
513.86670622,0.00069904
514.02440841,0.00229282
514.18211865,0.00140082
514.33983694,0.00092865
514.49756327,0.00127718
514.65529765,-0.00097908
514.81304007,0.00056973
514.97079053,0.00117582
515.12854902,0.00094016
515.28631555,0.00196192
515.44409012,0.00138379
515.60187271,0.00018796
515.75966333,0.00036756
515.91746198,-0.00001926
516.07526865,0.00132193
516.23308334,0.00107975
516.39090604,0.00046911
516.54873677,0.00055335
516.70657551,0.00101881
516.86442226,0.00201814
517.02227702,0.00069910
517.18013979,0.00159669
517.33801056,0.00077240
517.49588933,0.00102410
517.65377611,0.00239935
517.81167088,0.00175404
517.96957365,0.00129437
518.12748441,0.00082752
518.28540316,0.00300528
518.44332990,0.00076603
518.60126463,0.00238828
518.75920734,0.00106355
518.91715803,0.00397650
519.07511671,0.00023341
519.23308336,0.00175984
519.39105798,0.00056998
519.54904058,0.00143427
519.70703115,0.00076089
519.86502968,0.00078899
520.02303618,0.00287621
520.18105065,0.00080008
520.33907307,0.00198470
520.49710346,0.00110319
520.65514180,0.00136705
520.81318809,0.00054786
520.97124234,0.00236018
521.12930454,0.00269135
521.28737468,0.00248887
521.44545277,0.00049644
521.60353880,0.00045238
521.76163277,0.00125992
521.91973468,0.00163570
522.07784452,0.00164697
522.23596230,0.00249487
522.39408801,0.00188348
522.55222165,0.00088480
522.71036322,0.00203509
522.86851271,0.00071095
523.02667012,0.00167550
523.18483545,0.00101300
523.34300870,0.00319081
523.50118986,0.00160237
523.65937894,0.00288773
523.81757592,0.00095692
523.97578082,0.00143452
524.13399362,0.00188841
524.29221432,0.00280949
524.45044293,0.00199543
524.60867943,0.00193394
524.76692383,0.00339855
524.92517613,0.00069365
525.08343631,0.00067630
525.24170439,0.00278653
525.39998036,0.00273588
525.55826420,0.00118167
525.71655594,0.00235422
525.87485555,0.00234355
526.03316304,0.00198982
526.19147841,0.00131126
526.34980165,0.00059327
526.50813276,0.00254505
526.66647174,0.00120954
526.82481859,0.00174324
526.98317330,0.00149556
527.14153587,0.00145065
527.29990631,0.00094576
527.45828460,0.00238823
527.61667074,0.00198945
527.77506474,0.00143374
527.93346659,-0.00011485
528.09187629,0.00144031
528.25029383,0.00095130
528.40871922,0.00183873
528.56715245,0.00221413
528.72559352,0.00109159
528.88404242,0.00312925
529.04249916,0.00105752
529.20096373,0.00197268
529.35943614,0.00270831
529.51791636,0.00156279
529.67640442,0.00126568
529.83490030,0.00115342
529.99340399,0.00156402
530.15191551,0.00293242
530.31043484,0.00224260
530.46896199,0.00145680
530.62749695,0.00042369
530.78603971,0.00251153
530.94459029,0.00051404
531.10314866,0.00039040
531.26171485,0.00151858
531.42028883,0.00499732
531.57887060,0.00150139
531.73746018,0.00104121
531.89605754,0.00271342
532.05466270,0.00193876
532.21327565,0.00225325
532.37189638,0.00273616
532.53052489,0.00127692
532.68916119,0.00207930
532.84780527,0.00118691
533.00645712,0.00105290
533.16511675,0.00108092
533.32378415,0.00189916
533.48245932,0.00027856
533.64114226,0.00060926
533.79983296,0.00248380
533.95853143,0.00060473
534.11723765,0.00139515
534.27595164,0.00055854
534.43467338,0.00325751
534.59340288,0.00134908
534.75214013,0.00104128
534.91088512,0.00174218
535.06963787,0.00217428
535.22839836,0.00078872
535.38716659,0.00174310
535.54594256,0.00195596
535.70472627,0.00027250
535.86351771,0.00096250
536.02231689,0.00261255
536.18112380,0.00181579
536.33993844,0.00180518
536.49876080,0.00095688
536.65759089,0.00183304
536.81642870,0.00046321
536.97527423,0.00195604
537.13412747,0.00042463
537.29298843,0.00199553
537.45185711,0.00213011
537.61073349,0.00054152
537.76961758,0.00358348
537.92850938,0.00136744
538.08740888,0.00143384
538.24631608,0.00225269
538.40523098,0.00194005
538.56415358,0.00140009
538.72308387,0.00014878
538.88202185,0.00060371
539.04096752,0.00210729
539.19992088,0.00214706
539.35888192,0.00102432
539.51785065,0.00156345
539.67682706,0.00218665
539.83581114,0.00101349
539.99480290,0.00230949
540.15380233,0.00040740
540.31280944,0.00204035
540.47182421,0.00132819
540.63084665,0.00220784
540.78987676,0.00137814
540.94891452,0.00073828
541.10795995,0.00377448
541.26701303,0.00092303
541.42607377,0.00153631
541.58514216,0.00243322
541.74421820,0.00165851
541.90330189,0.00261295
542.06239322,0.00147819
542.22149220,0.00276358
542.38059882,0.00321294
542.53971308,0.00319068
542.69883497,0.00276394
542.85796450,0.00370097
543.01710166,0.00236520
543.17624645,0.00074363
543.33539887,0.00186607
543.49455891,0.00234316
543.65372658,0.00074417
543.81290187,0.00270280
543.97208477,0.00182113
544.13127529,0.00301621
544.29047342,0.00170360
544.44967917,0.00186635
544.60889252,0.00063715
544.76811348,0.00187158
544.92734205,0.00187724
545.08657821,0.00206348
545.24582198,0.00169756
545.40507334,0.00195006
545.56433230,0.00140565
545.72359886,0.00290442
545.88287300,0.00190562
546.04215473,0.00010377
546.20144404,0.00097951
546.36074094,0.00082787
546.52004543,0.00263476
546.67935749,0.00174790
546.83867712,0.00134457
546.99800434,0.00046323
547.15733912,0.00189463
547.31668147,0.00192760
547.47603139,0.00197812
547.63538888,0.00133298
547.79475393,0.00386379
547.95412654,-0.00010858
548.11350671,0.00062618
548.27289443,0.00163498
548.43228971,0.00230975
548.59169254,0.00202353
548.75110292,-0.00051815
548.91052084,0.00048046
549.06994631,0.00274721
549.22937932,0.00114873
549.38881987,0.00289321
549.54826796,0.00180988
549.70772359,0.00350481
549.86718674,0.00065347
550.02665743,0.00186680
550.18613565,0.00148449
550.34562139,0.00122126
550.50511466,0.00216359
550.66461545,0.00317375
550.82412375,0.00233207
550.98363958,0.00163052
551.14316291,0.00262440
551.30269377,0.00320208
551.46223213,0.00138376
551.62177799,0.00198934
551.78133137,0.00137240
551.94089225,0.00215821
552.10046062,0.00169259
552.26003650,0.00136061
552.41961987,0.00159649
552.57921074,0.00226456
552.73880909,0.00315693
552.89841494,0.00197291
553.05802828,0.00211867
553.21764909,0.00437486
553.37727739,0.00114282
553.53691318,0.00144520
553.69655643,0.00318513
553.85620717,0.00261863
554.01586538,0.00328617
554.17553105,0.00233208
554.33520420,0.00394841
554.49488481,0.00229331
554.65457289,0.00172026
554.81426843,0.00219163
554.97397143,0.00248314
555.13368188,0.00306748
555.29339979,0.00273614
555.45312515,0.00270815
555.61285796,0.00236064
555.77259822,0.00338112
555.93234593,0.00262895
556.09210108,0.00294451
556.25186367,0.00282056
556.41163370,0.00268598
556.57141116,0.00356629
556.73119606,0.00283723
556.89098839,0.00327487
557.05078815,0.00304991
557.21059534,0.00329763
557.37040995,0.00373488
557.53023198,0.00378078
557.69006144,0.00276518
557.84989831,0.00339229
558.00974260,0.00234907
558.16959430,0.00361182
558.32945341,0.00397126
558.48931993,0.00544655
558.64919386,0.00340858
558.80907519,0.00361792
558.96896393,0.00306167
559.12886006,0.00369527
559.28876359,0.00349879
559.44867451,0.00398788
559.60859283,0.00356620
559.76851854,0.00294386
559.92845163,0.00417232
560.08839212,0.00364524
560.24833998,0.00380198
560.40829523,0.00132229
560.56825785,0.00393183
560.72822785,0.00467220
560.88820523,0.00262985
561.04818998,0.00366213
561.20818209,0.00150713
561.36818158,0.00260161
561.52818843,0.00301138
561.68820264,0.00228139
561.84822421,0.00292123
562.00825314,0.00235442
562.16828943,0.00250561
562.32833307,0.00131019
562.48838406,0.00220941
562.64844240,0.00128218
562.80850808,0.00218042
562.96858111,0.00349907
563.12866149,0.00294907
563.28874920,0.00248320
563.44884425,0.00142303
563.60894663,0.00125447
563.76905635,0.00117552
563.92917340,0.00206237
564.08929777,0.00047406
564.24942947,0.00144497
564.40956850,0.00261779
564.56971485,0.00145178
564.72986851,0.00234280
564.89002949,0.00188313
565.05019779,0.00179353
565.21037340,0.00457108
565.37055632,0.00040696
565.53074654,0.00235513
565.69094407,0.00096268
565.85114891,0.00186552
566.01136104,0.00164807
566.17158047,0.00045787
566.33180720,0.00149568
566.49204122,0.00326291
566.65228254,0.00264665
566.81253114,0.00229340
566.97278703,0.00225366
567.13305020,0.00195634
567.29332066,0.00072125
567.45359839,0.00193925
567.61388341,0.00164164
567.77417569,0.00229837
567.93447526,0.00264089
568.09478209,0.00240507
568.25509619,0.00151264
568.41541755,0.00231508
568.57574618,0.00130523
568.73608208,0.00378538
568.89642523,0.00112503
569.05677563,0.00265198
569.21713329,0.00239360
569.37749821,0.00061475
569.53787037,0.00142302
569.69824978,0.00250035
569.85863644,0.00198985
570.01903034,0.00364560
570.17943148,0.00229894
570.33983986,0.00107466
570.50025547,0.00284306
570.66067832,0.00187766
570.82110840,0.00251685
570.98154571,0.00181545
571.14199025,0.00148509
571.30244201,0.00248923
571.46290099,0.00218658
571.62336720,0.00282639
571.78384062,0.00160788
571.94432125,0.00152989
572.10480910,0.00259600
572.26530416,0.00191053
572.42580643,0.00071590
572.58631591,0.00289325
572.74683259,0.00196185
572.90735647,0.00319687
573.06788755,0.00022779
573.22842582,0.00207952
573.38897129,0.00213009
573.54952396,0.00184341
573.71008381,0.00240010
573.87065085,0.00197277
574.03122508,0.00214702
574.19180649,0.00137751
574.35239508,0.00225313
574.51299085,0.00069339
574.67359379,0.00160216
574.83420391,0.00193370
574.99482121,0.00152392
575.15544567,0.00206279
575.31607729,0.00077156
575.47671609,0.00264577
575.63736204,0.00209084
575.79801516,0.00237157
575.95867543,0.00306137
576.11934286,0.00220256
576.28001744,0.00140653
576.44069917,0.00357204
576.60138805,0.00174847
576.76208408,0.00295475
576.92278725,0.00266892
577.08349757,0.00198957
577.24421502,0.00223591
577.40493961,0.00189986
577.56567133,0.00157440
577.72641019,0.00265214
577.88715618,0.00163106
578.04790929,0.00279203
578.20866954,0.00256820
578.36943690,0.00125523
578.53021139,0.00076070
578.69099299,0.00271364
578.85178171,0.00161410
579.01257755,0.00073256
579.17338049,0.00229833
579.33419055,0.00213577
579.49500771,0.00151771
579.65583198,0.00279744
579.81666335,0.00266339
579.97750182,0.00219730
580.13834739,0.00261219
580.29920006,0.00271891
580.46005981,0.00320203
580.62092666,0.00202322
580.78180060,0.00117605
580.94268163,0.00182703
581.10356974,0.00236603
581.26446493,0.00186091
581.42536720,0.00236619
581.58627655,0.00202272
581.74719297,0.00269684
581.90811646,0.00348248
582.06904703,0.00308371
582.22998466,0.00310081
582.39092936,0.00331482
582.55188113,0.00248903
582.71283995,0.00195060
582.87380583,0.00308380
583.03477877,0.00362310
583.19575877,0.00271892
583.35674581,0.00347100
583.51773991,0.00314580
583.67874105,0.00207393
583.83974924,0.00251748
584.00076447,0.00217501
584.16178674,0.00255617
584.32281605,0.00195570
584.48385240,0.00269698
584.64489578,0.00218653
584.80594619,0.00293211
584.96700363,0.00188324
585.12806809,0.00083415
585.28913958,0.00320201
585.45021810,0.00269091
585.61130363,0.00330308
585.77239618,0.00261232
585.93349574,0.00284800
586.09460232,0.00334224
586.25571591,0.00650133
586.41683651,0.00874162
586.57796411,0.00725326
586.73909872,0.00439177
586.90024032,0.00530621
587.06138893,0.00341524
587.22254453,0.00491349
587.38370713,0.00343255
587.54487672,0.00312317
587.70605330,0.00368428
587.86723687,0.00348795
588.02842742,0.00322436
588.18962496,0.00294383
588.35082947,0.00433555
588.51204097,0.00389802
588.67325944,0.00179877
588.83448488,0.00184402
588.99571730,0.00399279
589.15695668,0.00228730
589.31820303,0.00352737
589.47945635,0.00257854
589.64071663,0.00184407
589.80198387,0.00351620
589.96325806,0.00248338
590.12453921,0.00265227
590.28582732,0.00399297
590.44712237,0.00279215
590.60842437,0.00422879
590.76973332,0.00097924
590.93104922,0.00292702
591.09237205,0.00215266
591.25370183,0.00210139
591.41503854,0.00242769
591.57638218,0.00282032
591.73773276,0.00322390
591.89909027,0.00234308
592.06045470,0.00157430
592.22182607,0.00235425
592.38320435,0.00361103
592.54458955,0.00268515
592.70598168,0.00238790
592.86738072,0.00321279
593.02878667,0.00292153
593.19019954,0.00283701
593.35161931,0.00284858
593.51304599,0.00268494
593.67447958,0.00385813
593.83592007,0.00319661
593.99736745,0.00418400
594.15882174,0.00306745
594.32028292,0.00337044
594.48175100,0.00216943
594.64322596,0.00365611
594.80470782,0.00451595
594.96619656,0.00328055
595.12769218,0.00179835
595.28919469,0.00255061
595.45070407,0.00299434
595.61222034,0.00274801
595.77374347,0.00310686
595.93527348,0.00436903
596.09681037,0.00383634
596.25835411,0.00617616
596.41990473,0.00386951
596.58146220,0.00447002
596.74302654,0.00416147
596.90459774,0.00502585
597.06617579,0.00449827
597.22776070,0.00398806
597.38935246,0.00378533
597.55095106,0.00320734
597.71255652,0.00253959
597.87416882,0.00218644
598.03578796,0.00314554
598.19741395,0.00312327
598.35904677,0.00219138
598.52068642,0.00386388
598.68233291,0.00232620
598.84398623,0.00255094
599.00564638,0.00283164
599.16731336,0.00317964
599.32898716,0.00374011
599.49066778,0.00343780
599.65235522,0.00251168
599.81404948,0.00418401
599.97575056,0.00356617
600.13745844,0.00241675
600.29917314,0.00269677
600.46089464,0.00340954
600.62262295,0.00392080
600.78435807,0.00329179
600.94609998,0.00333696
601.10784870,0.00284849
601.26960421,0.00337567
601.43136651,0.00359444
601.59313561,0.00192211
601.75491150,0.00236593
601.91669417,0.00287069
602.07848363,0.00285929
602.24027987,0.00220863
602.40208289,0.00188848
602.56389269,0.00189440
602.72570927,0.00351620
602.88753261,0.00266838
603.04936273,0.00363351
603.21119962,0.00293795
603.37304328,0.00359496
603.53489370,0.00344852
603.69675088,0.00241103
603.85861482,0.00168702
604.02048552,0.00398817
604.18236298,0.00287634
604.34424718,0.00443630
604.50613814,0.00219730
604.66803585,0.00230971
604.82994030,0.00252335
604.99185149,0.00399890
605.15376943,0.00256177
605.31569411,0.00271870
605.47762552,0.00206799
605.63956366,0.00267986
605.80150854,0.00251630
605.96346015,0.00259015
606.12541849,0.00265743
606.28738355,0.00114192
606.44935533,0.00250551
606.61133384,0.00222541
606.77331906,0.00250562
606.93531100,0.00227042
607.09730965,0.00211913
607.25931501,0.00194509
607.42132709,0.00271910
607.58334587,0.00312873
607.74537135,0.00307818
607.90740354,0.00261287
608.06944242,0.00209067
608.23148801,0.00134995
608.39354029,0.00267428
608.55559926,0.00376304
608.71766492,0.00228167
608.87973727,0.00135562
609.04181631,0.00154659
609.20390203,0.00359514
609.36599443,0.00227060
609.52809351,0.00196703
609.69019927,0.00094576
609.85231170,0.00087258
610.01443081,0.00304500
610.17655658,0.00153547
610.33868902,0.00232099
610.50082813,0.00227573
610.66297390,0.00388694
610.82512633,0.00302820
610.98728542,0.00305599
611.14945117,0.00387542
611.31162357,0.00220294
611.47380262,0.00349858
611.63598832,0.00248913
611.79818067,0.00234385
611.96037966,0.00273553
612.12258530,0.00200056
612.28479757,0.00221396
612.44701648,0.00216873
612.60924203,0.00321870
612.77147421,0.00315150
612.93371303,0.00306127
613.09595847,0.00204620
613.25821053,0.00223677
613.42046922,0.00246721
613.58273453,0.00288729
613.74500647,0.00215837
613.90728501,0.00425649
614.06957018,0.00378518
614.23186195,0.00660245
614.39416034,0.01011577
614.55646533,0.01388692
614.71877693,0.01296740
614.88109513,0.01027371
615.04341993,0.00797822
615.20575134,0.00683318
615.36808933,0.00514940
615.53043393,0.00633287
615.69278511,0.00551391
615.85514288,0.00540771
616.01750724,0.00468905
616.17987819,0.00443636
616.34225571,0.00367888
616.50463982,0.00360002
616.66703051,0.00442017
616.82942777,0.00321279
616.99183160,0.00184896
617.15424201,0.00165875
617.31665898,0.00344893
617.47908252,0.00309530
617.64151263,0.00420122
617.80394929,0.00124846
617.96639252,0.00179357
618.12884230,0.00387055
618.29129864,0.00187158
618.45376153,0.00264645
618.61623097,0.00349938
618.77870696,-0.00320650
618.94118949,0.00276381
619.10367857,0.00258381
619.26617419,0.00109126
619.42867634,0.00280857
619.59118504,0.00270815
619.75370026,0.00328008
619.91622202,0.00398170
620.07875031,0.00196785
620.24128513,0.00237158
620.40382647,0.00155169
620.56637434,0.00158568
620.72892872,0.00289320
620.89148962,0.00321313
621.05405704,0.00200610
621.21663097,0.00210184
621.37921142,0.00269694
621.54179837,0.00292678
621.70439183,0.00188854
621.86699179,0.00284856
622.02959825,0.00181597
622.19221122,0.00193903
622.35483068,0.00272507
622.51745663,0.00173224
622.68008908,0.00193368
622.84272802,0.00142319
623.00537345,0.00227022
623.16802536,0.00235945
623.33068376,0.00104089
623.49334864,0.00282539
623.65602000,0.00393700
623.81869783,0.00204004
623.98138214,0.00255108
624.14407292,0.00152925
624.30677017,0.00197831
624.46947388,0.00398191
624.63218407,0.00256727
624.79490071,0.00336466
624.95762382,0.00185461
625.12035338,0.00340441
625.28308940,0.00210812
625.44583187,0.00240483
625.60858080,0.00166458
625.77133617,0.00272472
625.93409799,0.00206850
626.09686626,0.00133835
626.25964096,0.00341507
626.42242211,0.00301627
626.58520970,0.00178213
626.74800371,0.00183263
626.91080417,0.00260142
627.07361105,0.00209071
627.23642436,0.00212404
627.39924410,0.00347687
627.56207026,0.00183224
627.72490284,0.00292113
627.88774184,0.00214656
628.05058726,0.00162459
628.21343909,0.00188851
628.37629734,0.00238250
628.53916199,0.00299997
628.70203305,0.00252267
628.86491052,0.00363328
629.02779439,0.00050273
629.19068466,0.00316247
629.35358133,0.00293237
629.51648440,0.00247830
629.67939386,0.00110320
629.84230971,0.00259610
630.00523195,0.00214677
630.16816058,0.00238259
630.33109559,0.00253961
630.49403698,0.00443046
630.65698475,0.00237165
630.81993890,0.00139489
630.98289943,0.00236034
631.14586633,0.00325247
631.30883960,0.00178772
631.47181924,0.00311194
631.63480525,0.00348794
631.79779761,0.00266885
631.96079634,0.00397033
632.12380143,0.00217501
632.28681288,0.00224757
632.44983068,0.00310623
632.61285484,0.00283126
632.77588534,0.00262377
632.93892219,0.00368468
633.10196539,0.00310663
633.26501493,0.00253376
633.42807081,0.00261271
633.59113303,0.00252297
633.75420158,0.00200654
633.91727647,0.00412270
634.08035769,0.00413919
634.24344524,0.00368409
634.40653912,0.00329764
634.56963932,0.00421793
634.73274585,0.00413892
634.89585869,0.00467787
635.05897785,0.00455965
635.22210333,0.00439772
635.38523512,0.00205737
635.54837323,0.00406638
635.71151764,0.00317343
635.87466835,0.00508703
636.03782538,0.00400999
636.20098870,0.00355575
636.36415832,0.00489677
636.52733424,0.00426161
636.69051645,0.00403737
636.85370496,0.00182163
637.01689976,0.00364600
637.18010084,0.00283103
637.34330821,0.00296108
637.50652187,0.00376791
637.66974180,0.00335917
637.83296801,0.00303362
637.99620050,0.00344325
638.15943927,0.00432967
638.32268430,0.00476843
638.48593561,0.00220863
638.64919318,0.00425140
638.81245702,0.00548051
638.97572712,0.00413376
639.13900348,0.00324720
639.30228609,0.00282024
639.46557497,0.00367326
639.62887010,0.00348268
639.79217147,0.00303930
639.95547910,0.00497530
640.11879297,0.00353326
640.28211309,0.00129972
640.44543945,0.00459886
640.60877205,0.00307257
640.77211089,0.00299975
640.93545596,0.00409340
641.09880726,0.00458883
641.26216480,0.00489789
641.42552856,0.00386426
641.58889855,0.00277016
641.75227476,0.00120379
641.91565719,0.00337037
642.07904584,0.00296741
642.24244071,0.00402155
642.40584179,0.00455974
642.56924909,0.00303905
642.73266259,0.00164209
642.89608230,0.00242710
643.05950822,0.00271380
643.22294034,0.00201818
643.38637866,0.00408877
643.54982317,0.00159662
643.71327389,0.00297777
643.87673080,0.00308966
644.04019389,0.00497561
644.20366318,0.00452642
644.36713865,0.00491325
644.53062031,0.00584001
644.69410815,0.00528971
644.85760217,0.00420064
645.02110237,0.00400991
645.18460874,0.00389724
645.34812129,0.00354944
645.51164000,0.00310617
645.67516489,0.00322987
645.83869594,0.00321861
646.00223315,0.00385863
646.16577653,0.00162472
646.32932606,0.00285405
646.49288175,0.00289867
646.65644360,0.00300049
646.82001159,0.00317390
646.98358574,0.00157429
647.14716604,0.00394232
647.31075248,0.00218073
647.47434506,0.00160830
647.63794378,0.00335935
647.80154864,0.00329754
647.96515964,0.00196704
648.12877677,0.00102441
648.29240004,0.00119305
648.45602943,0.00150150
648.61966495,0.00298318
648.78330659,0.00236533
648.94695435,0.00105847
649.11060824,0.00181020
649.27426824,0.00287728
649.43793436,0.00257257
649.60160659,0.00223659
649.76528493,0.00320131
649.92896938,0.00294955
650.09265994,0.00248342
650.25635660,0.00249991
650.42005936,0.00296605
650.58376822,0.00370117
650.74748318,0.00323499
650.91120423,0.00245539
651.07493138,0.00377434
651.23866461,0.00301689
651.40240393,0.00429573
651.56614934,0.00294907
651.72990083,0.00248331
651.89365840,0.00278650
652.05742205,0.00166472
652.22119178,0.00370720
652.38496758,0.00186603
652.54874945,0.00310655
652.71253739,0.00414496
652.87633140,0.00265781
653.04013147,0.00265732
653.20393760,0.00203492
653.36774980,0.00471107
653.53156805,0.00361121
653.69539236,0.00284269
653.85922272,0.00324004
654.02305913,0.00408901
654.18690159,0.00396543
654.35075010,0.00184992
654.51460465,0.00291566
654.67846524,0.00225941
654.84233187,0.00167500
655.00620454,0.00525642
655.17008325,0.00850507
655.33396798,0.00703521
655.49785875,0.00552475
655.66175554,0.00481798
655.82565836,0.00287039
655.98956720,0.00433561
656.15348207,0.00335351
656.31740295,0.00244979
656.48132985,0.00440822
656.64526276,0.00224233
656.80920168,0.00290444
656.97314662,0.00308990
657.13709756,0.00353342
657.30105451,0.00278075
657.46501745,0.00468341
657.62898640,0.00327467
657.79296135,0.00373446
657.95694229,0.00269691
658.12092922,0.00413345
658.28492215,0.00412726
658.44892107,0.00296035
658.61292597,0.00175386
658.77693685,0.00420023
658.94095372,0.00402715
659.10497657,0.00413319
659.26900539,0.00390869
659.43304019,0.00344879
659.59708096,0.00306202
659.76112770,0.00264072
659.92518041,0.00417290
660.08923909,0.00482392
660.25330373,0.00232630
660.41737433,0.00269684
660.58145089,0.00316252
660.74553340,0.00388082
660.90962187,0.00319598
661.07371629,0.00352748
661.23781666,0.00568229
661.40192298,0.00271931
661.56603524,0.00363934
661.73015345,0.00261799
661.89427760,0.00307280
662.05840768,0.00199552
662.22254370,0.00329704
662.38668565,0.00281458
662.55083354,0.00225920
662.71498735,0.00335934
662.87914709,0.00366751
663.04331276,0.00101898
663.20748434,0.00226974
663.37166185,0.00100725
663.53584527,0.00282546
663.70003461,0.00298838
663.86422986,0.00408258
664.02843102,0.00261818
664.19263809,0.00264077
664.35685107,0.00342073
664.52106995,0.00274172
664.68529473,0.00309551
664.84952541,0.00432465
665.01376199,0.00496956
665.17800446,0.00335903
665.34225282,0.00425067
665.50650707,0.00345987
665.67076721,0.00365063
665.83503324,0.00367297
665.99930514,0.00325212
666.16358293,0.00580694
666.32786660,0.00660821
666.49215614,0.01545922
666.65645156,0.01828694
666.82075285,0.01325319
666.98506000,0.00988112
667.14937303,0.00820748
667.31369191,0.00879083
667.47801666,0.00499216
667.64234727,0.00636691
667.80668374,0.00633905
667.97102606,0.00631666
668.13537424,0.00506555
668.29972826,0.00532365
668.46408814,0.00452669
668.62845386,0.00439162
668.79282542,0.00499773
668.95720283,0.00331411
669.12158607,0.00361759
669.28597515,0.00445350
669.45037007,0.00330839
669.61477082,0.00593525
669.77917740,0.00383042
669.94358980,0.00230947
670.10800803,0.00344314
670.27243209,0.00355507
670.43686196,0.00357180
670.60129765,0.00294355
670.76573916,0.00297224
670.93018649,0.00219730
671.09463962,0.00161370
671.25909856,0.00291545
671.42356331,0.00205688
671.58803387,0.00376874
671.75251023,0.00296596
671.91699238,0.00416661
672.08148034,0.00269139
672.24597409,0.00136099
672.41047363,0.00249995
672.57497897,0.00281472
672.73949009,0.00399346
672.90400700,0.00415562
673.06852969,0.00328583
673.23305817,0.00311200
673.39759242,0.00305597
673.56213245,0.00375714
673.72667826,0.00431308
673.89122984,0.00539061
674.05578718,0.00512147
674.22035030,0.00539102
674.38491918,0.00524458
674.54949383,0.00564878
674.71407423,0.00383572
674.87866039,0.00439699
675.04325231,0.00396537
675.20784999,0.00360677
675.37245341,0.00359516
675.53706259,0.00396486
675.70167751,0.00415553
675.86629818,0.00223082
676.03092459,0.00307810
676.19555674,0.00445935
676.36019462,0.00389212
676.52483825,0.00450391
676.68948760,0.00435199
676.85414269,0.00315678
677.01880351,0.00383073
677.18347005,0.00523865
677.34814231,0.00337018
677.51282030,0.00468878
677.67750401,0.00389797
677.84219343,0.00374015
678.00688857,0.00256752
678.17158942,0.00361138
678.33629599,0.00260714
678.50100826,0.00316761
678.66572623,0.00142843
678.83044991,0.00489165
678.99517929,0.00290459
679.15991437,0.00312322
679.32465514,0.00271387
679.48940161,0.00296580
679.65415378,0.00279200
679.81891163,0.00409438
679.98367516,0.00335366
680.14844439,0.00257328
680.31321929,0.00284321
680.47799988,0.00357789
680.64278614,0.00328103
680.80757808,0.00299963
680.97237569,0.00299987
681.13717898,0.00340353
681.30198793,0.00245051
681.46680255,0.00384094
681.63162283,0.00384144
681.79644878,0.00448144
681.96128038,0.00147354
682.12611765,0.00353835
682.29096056,0.00227013
682.45580913,0.00311817
682.62066335,0.00411115
682.78552322,0.00280340
682.95038874,0.00383581
683.11525989,0.00292191
683.28013669,0.00192255
683.44501913,0.00261376
683.60990720,0.00404369
683.77480091,0.00373469
683.93970025,0.00193427
684.10460522,0.00219128
684.26951582,0.00199528
684.43443205,0.00311815
684.59935389,0.00257369
684.76428136,0.00372373
684.92921444,0.00331969
685.09415314,0.00298330
685.25909746,0.00204588
685.42404738,0.00179286
685.58900291,0.00325784
685.75396405,0.00404391
685.91893080,0.00545172
686.08390315,0.00575518
686.24888109,0.00433536
686.41386464,0.00325338
686.57885378,0.00320172
686.74384851,0.00487985
686.90884883,0.00281442
687.07385474,0.00389808
687.23886624,0.00298814
687.40388332,0.00189971
687.56890598,0.00312311
687.73393423,0.00317328
687.89896804,0.00192205
688.06400744,0.00169768
688.22905240,0.00207398
688.39410293,0.00287651
688.55915904,0.00266874
688.72422070,0.00184956
688.88928793,0.00178136
689.05436072,0.00279291
689.21943907,0.00468894
689.38452298,0.00347601
689.54961244,0.00375170
689.71470745,0.00252280
689.87980801,0.00215787
690.04491411,0.00150123
690.21002576,0.00231553
690.37514296,0.00257323
690.54026569,0.00245485
690.70539396,0.00174244
690.87052777,0.00236581
691.03566711,0.00275246
691.20081198,0.00239388
691.36596237,0.00257910
691.53111830,0.00324143
691.69627975,0.00155756
691.86144672,0.00439676
692.02661920,0.00235419
692.19179721,0.00256226
692.35698073,0.00454857
692.52216976,0.00548093
692.68736431,0.00608672
692.85256436,0.00230366
693.01776991,0.00411137
693.18298097,0.00302835
693.34819753,0.00280306
693.51341959,0.00386917
693.67864714,0.00281449
693.84388019,0.00256214
694.00911873,0.00211824
694.17436276,0.00240569
694.33961228,0.00331466
694.50486728,0.00249437
694.67012776,0.00305602
694.83539372,0.00295478
695.00066517,0.00361146
695.16594208,0.00774206
695.33122447,0.01753482
695.49651233,0.01946085
695.66180566,0.01360660
695.82710446,0.01007038
695.99240872,0.00826348
696.15771844,0.00608668
696.32303362,0.00661983
696.48835426,0.00439740
696.65368035,0.00575499
696.81901189,0.00484035
696.98434889,0.00343747
697.14969133,0.00343672
697.31503922,0.00366220
697.48039255,0.00500938
697.64575132,0.00430209
697.81111554,0.00383122
697.97648518,0.00209655
698.14186027,0.00441412
698.30724078,0.00363417
698.47262672,0.00303352
698.63801809,0.00279845
698.80341489,0.00246054
698.96881710,0.00331432
699.13422474,0.00328641
699.29963780,0.00307286
699.46505627,0.00225940
699.63048015,0.00328082
699.79590945,0.00358344
699.96134416,0.00278713
700.12678427,0.00253386
700.29222978,0.00291030
700.45768070,0.00269107
700.62313702,0.00287671
700.78859873,0.00163588
700.95406584,0.00453739
701.11953834,0.00431896
701.28501623,0.00311716
701.45049951,0.00250654
701.61598818,0.00323025
701.78148223,0.00343163
701.94698166,0.00298799
702.11248646,0.00437466
702.27799665,0.00490216
702.44351221,0.00353809
702.60903314,0.00484611
702.77455944,0.00244415
702.94009111,0.00467725
703.10562814,0.00344841
703.27117054,0.00418975
703.43671830,0.00444770
703.60227141,0.00389743
703.76782988,0.00499794
703.93339371,0.00673158
704.09896288,0.00737169
704.26453741,0.00690556
704.43011728,0.00673186
704.59570249,0.00812932
704.76129305,0.01040832
704.92688895,0.02655925
705.09249018,0.08490240
705.25809675,0.13339695
705.42370865,0.12085397
705.58932588,0.08113124
705.75494844,0.05992838
705.92057633,0.04441717
706.08620954,0.03733426
706.25184807,0.03020688
706.41749192,0.02873698
706.58314109,0.02561684
706.74879557,0.02185625
706.91445537,0.02011644
707.08012047,0.01869137
707.24579088,0.01567708
707.41146660,0.01407279
707.57714762,0.01237213
707.74283394,0.01113708
707.90852555,0.00877505
708.07422247,0.00985794
708.23992468,0.00825847
708.40563217,0.00615394
708.57134496,0.00463855
708.73706304,0.00574366
708.90278640,0.00202416
709.06851504,0.00250667
709.23424896,0.00302837
709.39998816,0.00223665
709.56573263,0.00318511
709.73148238,0.00185553
709.89723740,0.00246184
710.06299768,0.00184943
710.22876324,0.00334234
710.39453405,0.00310086
710.56031013,0.00271335
710.72609146,0.00173119
710.89187806,0.00434635
711.05766991,0.00104654
711.22346701,0.00312298
711.38926936,0.00166376
711.55507695,0.00179321
711.72088980,0.00357739
711.88670788,0.00481855
712.05253121,0.00276421
712.21835978,0.00148477
712.38419358,0.00293214
712.55003261,0.00186021
712.71587688,0.00409939
712.88172638,0.00229234
713.04758110,0.00397597
713.21344105,0.00317344
713.37930622,0.00308413
713.54517661,0.00588437
713.71105221,0.00489711
713.87693304,0.00414462
714.04281907,0.00377981
714.20871032,0.00423446
714.37460678,0.00434673
714.54050844,0.00386430
714.70641530,0.00407701
714.87232737,0.00352160
715.03824464,0.00362229
715.20416710,0.00349901
715.37009476,0.00386928
715.53602761,0.00422344
715.70196565,0.00179318
715.86790888,0.00212422
716.03385729,0.00371265
716.19981089,0.00210199
716.36576967,0.00204490
716.53173363,0.00361163
716.69770276,0.00339812
716.86367707,0.00180441
717.02965654,0.00214140
717.19564119,0.00326321
717.36163101,0.00154632
717.52762599,0.00229258
717.69362613,0.00219084
717.85963143,0.00356594
718.02564189,0.00203455
718.19165751,0.00290427
718.35767828,0.00191637
718.52370420,0.00391976
718.68973527,0.00204573
718.85577149,0.00259628
719.02181285,0.00199474
719.18785935,0.00260160
719.35391099,0.00314571
719.51996777,0.00184928
719.68602968,0.00304490
719.85209673,0.00330783
720.01816890,0.00229251
720.18424620,0.00418977
720.35032863,0.00500331
720.51641619,0.00269048
720.68250886,0.00292065
720.84860665,0.00163658
721.01470956,0.00362263
721.18081759,0.00379084
721.34693072,0.00331422
721.51304897,0.00308402
721.67917232,0.00222493
721.84530078,0.00256225
722.01143433,0.00196661
722.17757299,0.00181641
722.34371675,0.00348211
722.50986561,0.00268566
722.67601955,0.00340959
722.84217859,0.00126589
723.00834272,0.00364043
723.17451193,0.00365073
723.34068623,0.00305018
723.50686561,0.00342061
723.67305007,0.00293787
723.83923961,0.00349344
724.00543422,0.00420050
724.17163390,0.00424059
724.33783866,0.00429661
724.50404848,0.00375187
724.67026337,0.00289298
724.83648332,0.00310080
725.00270834,0.00401544
725.16893841,0.00321348
725.33517354,0.00403827
725.50141372,0.00352757
725.66765896,0.00495244
725.83390924,0.00653016
726.00016458,0.00890878
726.16642496,0.00939199
726.33269038,0.00734315
726.49896084,0.00655756
726.66523634,0.00997597
726.83151687,0.01837137
726.99780244,0.01928039
727.16409304,0.01458310
727.33038867,0.01124432
727.49668933,0.00759091
727.66299501,0.00751715
727.82930571,0.00721976
727.99562143,0.00701196
728.16194217,0.00601951
728.32826793,0.00496394
728.49459869,0.00469493
728.66093447,0.00368455
728.82727526,0.00440886
728.99362105,0.00437375
729.15997185,0.00507056
729.32632765,0.00445350
729.49268844,0.00394272
729.65905424,0.00342064
729.82542503,0.00278665
729.99180081,0.00355503
730.15818158,0.00381855
730.32456733,0.00332530
730.49095808,0.00282585
730.65735380,0.00274129
730.82375451,0.00256202
730.99016020,0.00339248
731.15657086,0.00186017
731.32298649,0.00256165
731.48940710,0.00286537
731.65583267,0.00234369
731.82226322,0.00271339
731.98869872,0.00268579
732.15513919,0.00317381
732.32158462,0.00283108
732.48803501,0.00280353
732.65449035,0.00370123
732.82095065,0.00102431
732.98741589,0.00267950
733.15388609,0.00403843
733.32036123,0.00232652
733.48684131,0.00360029
733.65332634,0.00519956
733.81981631,0.00192204
733.98631121,0.00388068
734.15281105,0.00415622
734.31931581,0.00531724
734.48582551,0.00406115
734.65234014,0.00389685
734.81885969,0.00406607
734.98538417,0.00355478
735.15191357,0.00309579
735.31844788,0.00496965
735.48498711,0.00341498
735.65153126,0.00401018
735.81808031,0.00375200
735.98463428,0.00620410
736.15119315,0.00628851
736.31775693,0.00401039
736.48432561,0.00464964
736.65089919,0.00449239
736.81747767,0.00730954
736.98406105,0.01289383
737.15064931,0.02907394
737.31724247,0.03286201
737.48384052,0.02310794
737.65044345,0.01692326
737.81705127,0.01594089
737.98366397,0.01184434
738.15028154,0.00877511
738.31690400,0.00908890
738.48353133,0.00700099
738.65016353,0.00768582
738.81680060,0.00690540
738.98344255,0.00711402
739.15008935,0.00700694
739.31674102,0.00530059
739.48339755,0.00640639
739.65005894,0.00442540
739.81672519,0.00412797
739.98339629,0.00379142
740.15007224,0.00481234
740.31675304,0.00386396
740.48343869,0.00248353
740.65012918,0.00398166
740.81682452,0.00420042
740.98352469,0.00421211
741.15022971,0.00343512
741.31693956,0.00296155
741.48365424,0.00148484
741.65037375,0.00239932
741.81709810,0.00299997
741.98382727,0.00359986
742.15056126,0.00351009
742.31730007,0.00285444
742.48404371,0.00368498
742.65079216,0.00261226
742.81754543,0.00297144
742.98430351,0.00413302
743.15106640,0.00360534
743.31783410,0.00310080
743.48460660,0.00332586
743.65138391,0.00475148
743.81816602,0.00429075
743.98495293,0.00297203
744.15174463,0.00353297
744.31854113,0.00507643
744.48534242,0.00437523
744.65214850,0.00439751
744.81895937,0.00527848
744.98577502,0.00429652
745.15259545,0.00514893
745.31942067,0.00439754
745.48625066,0.00380810
745.65308543,0.00529504
745.81992498,0.00441402
745.98676929,0.00582838
746.15361837,0.00609770
746.32047222,0.00526742
746.48733084,0.00600778
746.65419421,0.00529561
746.82106235,0.00757366
746.98793524,0.00737797
747.15481289,0.00414003
747.32169529,0.00647901
747.48858245,0.00975132
747.65547435,0.00933606
747.82237099,0.01119881
747.98927238,0.01042450
748.15617851,0.01324814
748.32308938,0.01613784
748.49000499,0.02164341
748.65692533,0.03456261
748.82385041,0.13400882
748.99078021,0.46444918
749.15771474,0.61030769
749.32465400,0.44114194
749.49159798,0.31538582
749.65854667,0.24024570
749.82550009,0.19597170
749.99245823,0.19411956
750.15942107,0.21356588
750.32638863,0.18612783
750.49336090,0.14418889
750.66033788,0.11938922
750.82731956,0.10616124
750.99430594,0.09085205
751.16129702,0.08057559
751.32829280,0.06731976
751.49529327,0.05967071
751.66229844,0.05029835
751.82930830,0.04540482
751.99632284,0.04156651
752.16334208,0.03680680
752.33036599,0.03071185
752.49739459,0.02539185
752.66442787,0.01856208
752.83146582,0.01515032
752.99850845,0.01141231
753.16555575,0.00924053
753.33260772,0.00687212
753.49966436,0.00780358
753.66672566,0.00572731
753.83379163,0.00481186
754.00086226,0.00546364
754.16793754,0.00564295
754.33501749,0.00301137
754.50210208,0.00531729
754.66919133,0.00314024
754.83628523,0.00388626
755.00338377,0.00425713
755.17048696,0.00291062
755.33759479,0.00297755
755.50470726,0.00305017
755.67182437,0.00307263
755.83894612,0.00305584
756.00607249,0.00311240
756.17320350,0.00427949
756.34033914,0.00344348
756.50747940,0.00409454
756.67462429,0.00278666
756.84177380,0.00329684
757.00892792,0.00340381
757.17608667,0.00191088
757.34325003,0.00348808
757.51041800,0.00426795
757.67759058,0.00277533
757.84476777,0.00268477
758.01194957,0.00382445
758.17913597,0.00344340
758.34632697,0.00389739
758.51352257,0.00518867
758.68072276,0.00604710
758.84792755,0.00435822
759.01513693,0.00896552
759.18235090,0.00520024
759.34956946,0.00564322
759.51679260,0.00521125
759.68402033,0.00558738
759.85125263,0.00470606
760.01848951,0.00475643
760.18573097,0.00458226
760.35297700,0.00495275
760.52022761,0.00394853
760.68748278,0.00498068
760.85474252,0.00691146
761.02200682,0.00434679
761.18927568,0.00583935
761.35654910,0.00592394
761.52382709,0.00624948
761.69110962,0.00636675
761.85839671,0.01123217
762.02568835,0.03804768
762.19298453,0.09761378
762.36028526,0.11681276
762.52759054,0.08123801
762.69490036,0.06014253
762.86221471,0.04822167
763.02953360,0.03989929
763.19685703,0.03304697
763.36418499,0.02531960
763.53151748,0.02267014
763.69885449,0.02071724
763.86619603,0.01706381
764.03354209,0.01715896
764.20089267,0.01548082
764.36824778,0.01434179
764.53560739,0.01343290
764.70297152,0.01149069
764.87034016,0.00872389
765.03771331,0.00865728
765.20509097,0.00766869
765.37247313,0.00990847
765.53985980,0.00702894
765.70725096,0.00608089
765.87464662,0.00601944
766.04204677,0.00415595
766.20945142,0.00478503
766.37686056,0.00289868
766.54427419,0.00352758
766.71169230,0.00323553
766.87911489,0.00270747
767.04654197,0.00369603
767.21397353,0.00415569
767.38140956,0.00325791
767.54885007,0.00222559
767.71629505,0.00313504
767.88374450,0.00478449
768.05119841,0.00296123
768.21865679,0.00288142
768.38611964,0.00276993
768.55358694,0.00358408
768.72105871,0.00354470
768.88853493,0.00479535
769.05601560,0.00413876
769.22350072,0.00516631
769.39099030,0.00347699
769.55848432,0.00413953
769.72598278,0.00525610
769.89348569,0.00396529
770.06099303,0.00413919
770.22850482,0.00405479
770.39602104,0.00436917
770.56354169,0.00594621
770.73106677,0.00583389
770.89859628,0.01158601
771.06613022,0.03457912
771.23366858,0.05179676
771.40121136,0.04218886
771.56875856,0.03160459
771.73631018,0.02491522
771.90386622,0.02084599
772.07142666,0.01728827
772.23899151,0.01408384
772.40656078,0.01308495
772.57413445,0.01259617
772.74171252,0.01077858
772.90929499,0.01185035
773.07688186,0.00912801
773.24447312,0.00878566
773.41206878,0.00884787
773.57966883,0.00875756
773.74727327,0.00813464
773.91488210,0.00965557
774.08249531,0.00780976
774.25011291,0.00782057
774.41773488,0.00816861
774.58536123,0.00779277
774.75299196,0.00741133
774.92062706,0.01065490
775.08826653,0.01114293
775.25591037,0.01074526
775.42355858,0.01586838
775.59121115,0.02922520
775.75886808,0.12349691
775.92652937,0.42239199
776.09419502,0.71550620
776.26186502,0.83778878
776.42953938,0.74947155
776.59721808,0.54903982
776.76490113,0.42236526
776.93258853,0.33941083
777.10028027,0.26965285
777.26797635,0.22866462
777.43567678,0.17692464
777.60338153,0.15524500
777.77109062,0.13632627
777.93880405,0.12168441
778.10652180,0.10967537
778.27424388,0.09731163
778.44197028,0.08591276
778.60970101,0.07441920
778.77743605,0.06598439
778.94517542,0.05895799
779.11291910,0.05099464
779.28066709,0.04635940
779.44841939,0.03988282
779.61617601,0.03168958
779.78393693,0.02298492
779.95170215,0.01726562
780.11947167,0.01362343
780.28724550,0.00903269
780.45502362,0.00763524
780.62280604,0.00688412
780.79059274,0.00557030
780.95838374,0.00519949
781.12617903,0.00477880
781.29397860,0.00629383
781.46178246,0.00472234
781.62959060,0.00340350
781.79740301,0.00296615
781.96521970,0.00325812
782.13304067,0.00492464
782.30086591,0.00398743
782.46869542,0.00430740
782.63652919,0.00301186
782.80436723,0.00411120
782.97220953,0.00378592
783.14005610,0.00335296
783.30790692,0.00330277
783.47576199,0.00332544
783.64362132,0.00250038
783.81148490,0.00349353
783.97935273,0.00254531
784.14722481,0.00354443
784.31510113,0.00178245
784.48298169,0.00392623
784.65086650,0.00289381
784.81875553,0.00322401
784.98664881,0.00219698
785.15454632,0.00254508
785.32244805,0.00219186
785.49035402,0.00411625
785.65826421,0.00177039
785.82617863,0.00295506
785.99409726,0.00502576
786.16202012,0.00329709
786.32994719,0.00349898
786.49787847,0.00314535
786.66581397,0.00291604
786.83375368,0.00262952
787.00169759,0.00187103
787.16964571,0.00332011
787.33759804,0.00287048
787.50555456,0.00397049
787.67351528,0.00269095
787.84148020,0.00302774
788.00944931,0.00150148
788.17742261,0.00350561
788.34540010,0.00141158
788.51338178,0.00132180
788.68136764,0.00351031
788.84935769,0.00384162
789.01735191,0.00325251
789.18535031,0.00230413
789.35335289,0.00261778
789.52135964,0.00214175
789.68937056,0.00271320
789.85738565,0.00200056
790.02540490,0.00183774
790.19342832,0.00373469
790.36145590,0.00258984
790.52948764,0.00219737
790.69752353,0.00122637
790.86556358,0.00278179
791.03360778,0.00069310
791.20165614,0.00160825
791.36970864,0.00230400
791.53776528,0.00261222
791.70582607,0.00221936
791.87389100,0.00373473
792.04196006,0.00352707
792.21003326,0.00209124
792.37811060,0.00175917
792.54619207,0.00224216
792.71427766,0.00257868
792.88236739,0.00248924
793.05046124,0.00372362
793.21855921,0.01028450
793.38666130,0.03690225
793.55476750,0.06146680
793.72287783,0.05283001
793.89099226,0.03780568
794.05911081,0.02998262
794.22723347,0.02534718
794.39536023,0.02131283
794.56349109,0.01649094
794.73162606,0.01204700
794.89976513,0.01102484
795.06790829,0.01053139
795.23605555,0.00897666
795.40420690,0.00842138
795.57236234,0.00835952
795.74052186,0.00849942
795.90868548,0.00695085
796.07685317,0.00783158
796.24502495,0.00608029
796.41320081,0.00468936
796.58138074,0.00453173
796.74956474,0.00500379
796.91775282,0.00480737
797.08594497,0.00370704
797.25414118,0.00412215
797.42234146,0.00246617
797.59054580,0.00277491
797.75875420,0.00226451
797.92696666,0.00227530
798.09518317,0.00274157
798.26340374,0.00375807
798.43162836,0.00350479
798.59985703,0.00308918
798.76808974,0.00485750
798.93632650,0.00358884
799.10456729,0.00648487
799.27281213,0.01668794
799.44106101,0.01731622
799.60931392,0.01354579
799.77757086,0.01053681
799.94583183,0.01641267
800.11409683,0.03144261
800.28236586,0.04170057
800.45063891,0.03297411
800.61891598,0.02479181
800.78719707,0.02007210
800.95548217,0.01796740
801.12377129,0.01466719
801.29206442,0.01317499
801.46036156,0.00995887
801.62866271,0.00930724
801.79696786,0.00768548
801.96527702,0.00833731
802.13359017,0.00636111
802.30190733,0.00677104
802.47022848,0.00557019
802.63855362,0.00685532
802.80688275,0.00470615
802.97521587,0.00375218
803.14355298,0.00534518
803.31189408,0.00362824
803.48023915,0.00367925
803.64858820,0.00282081
803.81694124,0.00386957
803.98529824,0.00384146
804.15365922,0.00211347
804.32202417,0.00307807
804.49039309,0.00161904
804.65876597,0.00371245
804.82714282,0.00289881
804.99552362,0.00210163
805.16390839,0.00251707
805.33229711,0.00157407
805.50068979,0.00190532
805.66908642,0.00238758
805.83748700,0.00285977
806.00589153,0.00186640
806.17430000,0.00193944
806.34271241,0.00292798
806.51112876,0.00343744
806.67954906,0.00326341
806.84797329,0.00316188
807.01640145,0.00159117
807.18483354,0.00346026
807.35326956,0.00290421
807.52170951,0.00131572
807.69015338,0.00276924
807.85860118,0.00187177
808.02705289,0.00244401
808.19550852,0.00292108
808.36396807,0.00365716
808.53243153,0.00459362
808.70089890,0.00495227
808.86937018,0.01681152
809.03784536,0.05249237
809.20632445,0.07416099
809.37480744,0.06518747
809.54329433,0.04626321
809.71178511,0.04028069
809.88027979,0.04074683
810.04877837,0.08433032
810.21728083,0.22874663
810.38578718,0.31131160
810.55429741,0.25211560
810.72281153,0.18622901
810.89132952,0.14285405
811.05985140,0.12279525
811.22837715,0.10137932
811.39690678,0.08157505
811.56544027,0.06826893
811.73397764,0.05467629
811.90251887,0.04870408
812.07106397,0.04278439
812.23961293,0.03832227
812.40816575,0.03507841
812.57672242,0.03062778
812.74528296,0.02592574
812.91384734,0.02157607
813.08241558,0.01914026
813.25098766,0.01710867
813.41956359,0.01614316
813.58814336,0.01332036
813.75672698,0.01119327
813.92531443,0.01026196
814.09390572,0.00750069
814.26250085,0.00472829
814.43109981,0.00410529
814.59970260,0.00280365
814.76830921,0.00321303
814.93691965,0.00407732
815.10553392,0.00190021
815.27415200,0.00207899
815.44277390,0.00248335
815.61139962,0.00113640
815.78002916,0.00251148
815.94866250,0.00163592
816.11729965,0.00233800
816.28594062,0.00142820
816.45458538,0.00340998
816.62323395,0.00247179
816.79188632,0.00124283
816.96054248,0.00223697
817.12920244,0.00281489
817.29786620,0.00161891
817.46653374,0.00193321
817.63520508,0.00237639
817.80388019,0.00190566
817.97255910,0.00153444
818.14124178,0.00100167
818.30992825,0.00088963
818.47861849,0.00209623
818.64731251,0.00169753
818.81601029,0.00109176
818.98471185,0.00149564
819.15341718,0.00073822
819.32212627,0.00219170
819.49083913,0.00265154
819.65955574,0.00250678
819.82827612,0.00104620
819.99700025,0.00131091
820.16572813,0.00196142
820.33445977,0.00186079
820.50319516,0.00156888
820.67193429,0.00229297
820.84067717,0.00265805
821.00942379,0.00257317
821.17817415,0.00266354
821.34692825,0.00344933
821.51568608,0.00126003
821.68444765,0.00245505
821.85321295,0.00189392
822.02198198,0.00320761
822.19075473,0.00295473
822.35953121,0.00238172
822.52831141,0.00291004
822.69709533,0.00229786
822.86588296,0.00261834
823.03467431,0.00238778
823.20346938,0.00126613
823.37226815,0.00275855
823.54107063,0.00123215
823.70987682,0.00177624
823.87868671,0.00193933
824.04750030,0.00082756
824.21631760,0.00290984
824.38513858,0.00160253
824.55396326,0.00282556
824.72279164,0.00161325
824.89162370,0.00341523
825.06045945,0.00807290
825.22929888,0.02093587
825.39814200,0.02767089
825.56698880,0.02217594
825.73583928,0.01833798
825.90469343,0.01303981
826.07355125,0.01138984
826.24241275,0.00981849
826.41127792,0.00836475
826.58014675,0.00725329
826.74901924,0.00681660
826.91789540,0.00504244
827.08677522,0.00450396
827.25565869,0.00365096
827.42454582,0.00506563
827.59343661,0.00335863
827.76233104,0.00323517
827.93122912,0.00254509
828.10013085,0.00377998
828.26903622,0.00348253
828.43794523,0.00466653
828.60685788,0.00229800
828.77577417,0.00216362
828.94469409,0.00143935
829.11361765,0.00334240
829.28254483,0.00167525
829.45147564,0.00203466
829.62041008,0.00210203
829.78934814,0.00075515
829.95828981,0.00228103
830.12723511,0.00256793
830.29618403,0.00251164
830.46513655,0.00203443
830.63409269,0.00161869
830.80305244,0.00163060
830.97201579,0.00118699
831.14098275,0.00222466
831.30995331,0.00172602
831.47892747,0.00212453
831.64790523,0.00204608
831.81688659,0.00132776
831.98587153,0.00016006
832.15486007,0.00104126
832.32385219,0.00229815
832.49284790,0.00189941
832.66184720,0.00211299
832.83085008,0.00108649
832.99985653,0.00186603
833.16886656,0.00228171
833.33788017,0.00157403
833.50689735,0.00046380
833.67591810,0.00236596
833.84494241,0.00143964
834.01397029,0.00110903
834.18300174,0.00208504
834.35203674,0.00017202
834.52107531,0.00102508
834.69011743,0.00209032
834.85916310,0.00208497
835.02821232,0.00152410
835.19726510,0.00173659
835.36632142,0.00225338
835.53538129,0.00135568
835.70444469,0.00205166
835.87351164,0.00179376
836.04258213,0.00216322
836.21165615,0.00226437
836.38073370,0.00087271
836.54981478,0.00141679
836.71889940,0.00193958
836.88798754,0.00180428
837.05707920,0.00178728
837.22617438,0.00068782
837.39527309,0.00368425
837.56437531,0.00110318
837.73348104,0.00164141
837.90259029,0.00248915
838.07170305,0.00131097
838.24081932,0.00268003
838.40993909,0.00166966
838.57906236,0.00190538
838.74818914,0.00329832
838.91731941,0.00181532
839.08645318,0.00283725
839.25559044,0.00755111
839.42473120,0.02705376
839.59387544,0.04651099
839.76302317,0.04387868
839.93217439,0.03427004
840.10132909,0.02631777
840.27048727,0.02240118
840.43964893,0.01912389
840.60881406,0.01757996
840.77798266,0.01477909
840.94715474,0.02272075
841.11633029,0.05218930
841.28550930,0.06955350
841.45469177,0.06032168
841.62387771,0.04702671
841.79306711,0.03542093
841.96225996,0.03106621
842.13145627,0.02582999
842.30065603,0.02259153
842.46985924,0.01926387
842.63906590,0.01822512
842.80827600,0.01504804
842.97748955,0.02198563
843.14670654,0.06702824
843.31592697,0.22521662
843.48515083,0.33077420
843.65437813,0.28285862
843.82360886,0.21389176
843.99284302,0.16716539
844.16208061,0.13784688
844.33132162,0.11520856
844.50056605,0.09721563
844.66981391,0.08054248
844.83906518,0.06590596
845.00831987,0.05499618
845.17757797,0.04623562
845.34683948,0.04000054
845.51610441,0.03351278
845.68537273,0.02961830
845.85464447,0.02566166
846.02391960,0.02398395
846.19319813,0.02076780
846.36248006,0.01893259
846.53176539,0.01574523
846.70105411,0.01623289
846.87034622,0.01250146
847.03964172,0.01092973
847.20894060,0.00806712
847.37824286,0.00605276
847.54754851,0.00544094
847.71685754,0.00408871
847.88616994,0.00440350
848.05548572,0.00209055
848.22480487,0.00239974
848.39412739,0.00254522
848.56345327,0.00268025
848.73278252,0.00244480
848.90211514,0.00107999
849.07145111,0.00167554
849.24079044,0.00078298
849.41013313,0.00236596
849.57947917,0.00253957
849.74882857,0.00146771
849.91818131,0.00283109
850.08753740,0.00108615
850.25689683,0.00127723
850.42625961,0.00256778
850.59562572,0.00596859
850.76499517,0.01374708
850.93436796,0.03150962
851.10374408,0.03154319
851.27312353,0.02338303
851.44250631,0.01868584
851.61189242,0.01479567
851.78128184,0.01273697
851.95067459,0.01069933
852.12007066,0.00760754
852.28947005,0.00741634
852.45887275,0.00728198
852.62827876,0.00563801
852.79768808,0.00464460
852.96710071,0.00452643
853.13651665,0.00486842
853.30593588,0.00452090
853.47535842,0.00393700
853.64478426,0.00366217
853.81421339,0.00334186
853.98364582,0.00343245
854.15308154,0.00414438
854.32252054,0.00211293
854.49196284,0.00201173
854.66140842,0.00145080
854.83085728,0.00144539
855.00030942,0.00154072
855.16976483,0.00219762
855.33922353,0.00082215
855.50868549,0.00166424
855.67815073,0.00085080
855.84761924,0.00109729
856.01709101,0.00036298
856.18656604,0.00081664
856.35604434,0.00157377
856.52552589,0.00219731
856.69501071,0.00093992
856.86449877,0.00016007
857.03399009,0.00058632
857.20348466,0.00234890
857.37298248,0.00346580
857.54248354,0.00160241
857.71198785,0.00132122
857.88149540,0.00143973
858.05100618,0.00152972
858.22052020,0.00124832
858.39003746,0.00172567
858.55955794,0.00206228
858.72908166,0.00113067
858.89860860,0.00111407
859.06813877,0.00153546
859.23767216,0.00161378
859.40720877,0.00068852
859.57674860,0.00225310
859.74629164,0.00283168
859.91583790,0.00073803
860.08538736,0.00170937
860.25494004,0.00224208
860.42449592,0.00072770
860.59405501,0.00128821
860.76361730,0.00174262
860.93318278,0.00232630
861.10275147,0.00156379
861.27232335,0.00046899
861.44189842,0.00200080
861.61147668,0.00291004
861.78105813,0.00247212
861.95064276,0.00042967
862.12023058,0.00142874
862.28982158,0.00254567
862.45941576,0.00156360
862.62901311,0.00327471
862.79861364,0.00193867
862.96821734,0.00145624
863.13782421,0.00117550
863.30743424,0.00155747
863.47704745,0.00192223
863.64666381,0.00124844
863.81628333,0.00132759
863.98590601,0.00084500
864.15553185,0.00200649
864.32516084,0.00353233
864.49479298,0.00147911
864.66442827,0.00251738
864.83406671,0.00242728
865.00370829,0.00218012
865.17335302,0.00135549
865.34300088,0.00259594
865.51265188,0.00401587
865.68230601,0.00747885
865.85196328,0.00820758
866.02162368,0.00707317
866.19128720,0.00542399
866.36095385,0.00346001
866.53062363,0.00413923
866.70029652,0.00321840
866.86997254,0.00342609
867.03965167,0.00252249
867.20933391,0.00390915
867.37901927,0.00236015
867.54870774,0.00379662
867.71839931,0.00124870
867.88809399,0.00307297
868.05779177,0.00205181
868.22749265,0.00276409
868.39719663,0.00255590
868.56690371,0.00149015
868.73661388,0.00113664
868.90632714,0.00326321
869.07604349,0.00285413
869.24576292,0.00276927
869.41548544,0.00143467
869.58521105,0.00170891
869.75493973,0.00112553
869.92467149,0.00118152
870.09440632,0.00122102
870.26414423,0.00215286
870.43388521,0.00136097
870.60362925,0.00233751
870.77337636,0.00333655
870.94312654,0.00214144
871.11287978,0.00261766
871.28263607,0.00163680
871.45239542,0.00202331
871.62215783,0.00276950
871.79192329,0.00219730
871.96169180,0.00157992
872.13146335,0.00143988
872.30123795,0.00218602
872.47101560,0.00168096
872.64079628,0.00126634
872.81058000,0.00270743
872.98036676,0.00042367
873.15015655,0.00094016
873.31994938,0.00125418
873.48974523,0.00170849
873.65954411,0.00141164
873.82934601,0.00161329
873.99915094,0.00217449
874.16895888,0.00040122
874.33876985,0.00126519
874.50858383,0.00050817
874.67840082,0.00053647
874.84822082,0.00013765
875.01804383,0.00268022
875.18786985,0.00149584
875.35769887,0.00120416
875.52753089,0.00092881
875.69736591,0.00079415
875.86720393,0.00215207
876.03704494,0.00202873
876.20688894,0.00234343
876.37673594,0.00176477
876.54658592,0.00347670
876.71643889,-0.00040095
876.88629484,0.00241631
877.05615377,0.00091805
877.22601568,0.00052518
877.39588056,0.00084438
877.56574842,0.00243855
877.73561925,0.00175441
877.90549305,0.00137728
878.07536982,0.00057550
878.24524955,0.00323620
878.41513224,0.00028414
878.58501790,0.00184334
878.75490651,0.00210766
878.92479807,0.00248356
879.09469259,0.00131048
879.26459007,0.00195587
879.43449048,0.00146805
879.60439385,0.00132177
879.77430016,0.00201190
879.94420941,0.00096828
880.11412160,0.00215810
880.28403673,-0.00009217
880.45395479,0.00248331
880.62387578,0.00278651
880.79379971,0.00423447
880.96372656,0.00447571
881.13365634,0.00467172
881.30358904,0.00414484
881.47352466,0.00172002
881.64346320,0.00352172
881.81340466,0.00439710
881.98334903,0.00283700
882.15329631,0.00226446
882.32324650,0.00349973
882.49319960,0.00353902
882.66315560,0.00293816
882.83311451,0.00162489
883.00307631,0.00141745
883.17304102,0.00289348
883.34300862,0.00142279
883.51297911,0.00174185
883.68295249,0.00273042
883.85292876,0.00308429
884.02290792,0.00132146
884.19288997,0.00314579
884.36287489,0.00251697
884.53286269,0.00400392
884.70285337,0.00229928
884.87284693,0.00206827
885.04284336,0.00203988
885.21284266,0.00245525
885.38284482,0.00138381
885.55284986,0.00303349
885.72285775,0.00276398
885.89286851,0.00145659
886.06288212,0.00157493
886.23289860,0.00282017
886.40291792,0.00137791
886.57294010,0.00330243
886.74296513,0.00260089
886.91299300,0.00142272
887.08302372,0.00275848
887.25305728,0.00265176
887.42309368,0.00255098
887.59313292,0.00222562
887.76317500,0.00267404
887.93321991,0.00073808
888.10326765,0.00095702
888.27331822,0.00245519
888.44337162,0.00093471
888.61342784,0.00146754
888.78348688,0.00311745
888.95354874,0.00149717
889.12361342,0.00293805
889.29368091,0.00200637
889.46375122,0.00328046
889.63382434,0.00212976
889.80390026,0.00232096
889.97397899,0.00227040
890.14406053,0.00185474
890.31414486,0.00156304
890.48423200,0.00209588
890.65432193,0.00207920
890.82441466,0.00102408
890.99451017,0.00207362
891.16460848,0.00289909
891.33470957,0.00075463
891.50481345,0.00069916
891.67492012,0.00178192
891.84502956,0.00038956
892.01514178,0.00094004
892.18525678,0.00380165
892.35537455,0.00127121
892.52549509,0.00099638
892.69561840,0.00167521
892.86574448,0.00156874
893.03587332,0.00158493
893.20600492,0.00231457
893.37613929,0.00040743
893.54627641,0.00135511
893.71641629,0.00074364
893.88655892,0.00096866
894.05670430,0.00112513
894.22685242,0.00154650
894.39700330,0.00189452
894.56715692,0.00063161
894.73731328,0.00056421
894.90747237,0.00017696
895.07763421,0.00154583
895.24779878,0.00060893
895.41796608,0.00042392
895.58813611,0.00286593
895.75830887,0.00115952
895.92848435,0.00037337
896.09866256,0.00078836
896.26884349,0.00025525
896.43902714,0.00249517
896.60921350,0.00033401
896.77940257,0.00094535
896.94959436,0.00099004
897.11978886,0.00155775
897.28998606,0.00106372
897.46018597,0.00151848
897.63038858,0.00040716
897.80059389,0.00074341
897.97080190,0.00122667
898.14101260,-0.00035588
898.31122600,0.00147933
898.48144208,0.00129944
898.65166086,0.00201204
898.82188232,0.00142296
898.99210647,0.00201209
899.16233329,0.00216905
899.33256280,0.00165377
899.50279498,0.00232581
899.67302984,0.00117557
899.84326737,0.00058711
900.01350757,0.00095167
900.18375044,0.00047974
900.35399597,0.00023275
900.52424417,0.00004817
900.69449502,0.00145642
900.86474854,0.00292179
901.03500471,0.00164728
901.20526354,0.00089526
901.37552501,0.00086762
901.54578914,-0.00000800
901.71605591,0.00085037
901.88632533,0.00045716
902.05659739,0.00002060
902.22687209,-0.00024377
902.39714943,0.00136108
902.56742940,0.00069861
902.73771201,0.00086701
902.90799725,0.00104100
903.07828512,0.00214704
903.24857561,0.00151853
903.41886873,0.00233189
903.58916446,0.00131625
903.75946282,0.00157407
903.92976380,0.00070417
904.10006739,0.00137809
904.27037359,0.00155680
904.44068240,0.00161899
904.61099382,0.00044607
904.78130785,0.00161371
904.95162448,0.00270771
905.12194371,0.00092947
905.29226554,0.00033462
905.46258996,0.00047485
905.63291698,0.00273648
905.80324659,0.00093463
905.97357879,0.00180999
906.14391358,0.00225924
906.31425095,0.00219114
906.48459091,0.00148417
906.65493345,0.00060350
906.82527856,0.00172584
906.99562625,0.00132162
907.16597651,0.00055843
907.33632934,0.00127091
907.50668475,0.00229909
907.67704271,0.00147853
907.84740325,0.00215865
908.01776634,0.00274169
908.18813200,0.00179294
908.35850021,0.00247853
908.52887097,0.00147317
908.69924429,0.00108636
908.86962016,0.00125992
909.03999858,0.00164124
909.21037954,0.00296043
909.38076305,0.00344922
909.55114910,0.00233756
909.72153769,0.00352771
909.89192881,0.00517131
910.06232247,0.00504874
910.23271866,0.00540217
910.40311737,0.00796064
910.57351862,0.00844350
910.74392239,0.01418546
910.91432869,0.06066481
911.08473750,0.22140528
911.25514883,0.39420833
911.42556268,0.36854356
911.59597904,0.27972116
911.76639792,0.23012105
911.93681930,0.18310331
912.10724319,0.15074400
912.27766958,0.12539422
912.44809847,0.10533080
912.61852987,0.09598117
912.78896376,0.08428568
912.95940015,0.07180405
913.12983903,0.05987911
913.30028040,0.04770056
913.47072426,0.04019657
913.64117060,0.03366957
913.81161943,0.02893867
913.98207074,0.02264212
914.15252453,0.01942086
914.32298079,0.02047580
914.49343953,0.01635024
914.66390075,0.01352806
914.83436443,0.01008755
915.00483058,0.00549751
915.17529919,0.00503140
915.34577027,0.00369058
915.51624381,0.00348165
915.68671980,0.00229220
915.85719825,0.00302193
916.02767916,0.00200114
916.19816252,0.00188297
916.36864832,0.00125486
916.53913657,0.00208527
916.70962727,0.00044108
916.88012041,0.00282039
917.05061599,0.00183792
917.22111401,0.00219715
917.39161446,0.00061524
917.56211735,0.00106911
917.73262266,0.00174881
917.90313041,0.00194469
918.07364058,-0.00044615
918.24415317,0.00082801
918.41466819,0.00089530
918.58518562,0.00249443
918.75570547,0.00291020
918.92622774,0.00132120
919.09675242,0.00034018
919.26727950,0.00068797
919.43780900,0.00206256
919.60834090,0.00151294
919.77887521,0.00077711
919.94941191,0.00134411
920.11995101,0.00262952
920.29049251,0.00076132
920.46103641,0.00298908
920.63158269,0.00182689
920.80213137,0.00220314
920.97268243,0.00372389
921.14323587,0.00568282
921.31379170,0.00978475
921.48434991,0.00974508
921.65491050,0.00770849
921.82547346,0.00623802
921.99603879,0.00354398
922.16660650,0.00426830
922.33717657,0.00379742
922.50774901,0.00300447
922.67832382,0.00412188
922.84890098,0.00237073
923.01948051,0.00209613
923.19006239,0.00252217
923.36064663,0.00205718
923.53123322,0.00143378
923.70182215,0.00144576
923.87241344,0.00173137
924.04300707,0.00146210
924.21360305,0.00306687
924.38420137,0.00294959
924.55480202,0.00329786
924.72540501,0.00966126
924.89601034,0.02513944
925.06661800,0.04023651
925.23722798,0.04927205
925.40784030,0.05923365
925.57845494,0.05840303
925.74907190,0.04630242
925.91969118,0.03797999
926.09031278,0.03198601
926.26093669,0.02630682
926.43156292,0.02292265
926.60219146,0.01987567
926.77282231,0.01675506
926.94345546,0.01547007
927.11409092,0.01216984
927.28472868,0.01114842
927.45536874,0.00872975
927.62601110,0.00811773
927.79665575,0.00615336
927.96730269,0.00718682
928.13795193,0.00477324
928.30860345,0.00603018
928.47925726,0.00505389
928.64991335,0.00354379
928.82057172,0.00309000
928.99123237,0.00257846
929.16189530,0.00314592
929.33256050,0.00114793
929.50322798,0.00164714
929.67389772,0.00008110
929.84456973,0.00154052
930.01524401,0.00227580
930.18592055,0.00123783
930.35659934,0.00176541
930.52728040,0.00100753
930.69796371,0.00135590
930.86864928,0.00117583
931.03933710,0.00074958
931.21002716,0.00065938
931.38071948,0.00245520
931.55141403,0.00162492
931.72211083,-0.00082122
931.89280987,0.00168642
932.06351115,0.00204017
932.23421466,0.00096224
932.40492040,0.00155169
932.57562837,0.00033917
932.74633858,0.00111943
932.91705100,0.00089559
933.08776565,0.00005919
933.25848253,0.00052987
933.42920162,0.00241015
933.59992293,0.00182186
933.77064645,0.00181032
933.94137218,0.00029488
934.11210013,0.00062604
934.28283028,0.00252287
934.45356264,0.00246666
934.62429720,0.00146185
934.79503396,0.00256787
934.96577292,0.00182699
935.13651407,0.00086716
935.30725742,0.00159719
935.47800296,-0.00076051
935.64875069,0.00143932
935.81950060,0.00081675
935.99025270,0.00114778
936.16100698,0.00082257
936.33176344,0.00109192
936.50252208,0.00016084
936.67328290,0.00060858
936.84404588,0.00100737
937.01481104,0.00074908
937.18557837,-0.00088389
937.35634786,0.00219168
937.52711951,0.00206268
937.69789333,-0.00065314
937.86866931,0.00027773
938.03944744,0.00280325
938.21022773,0.00088915
938.38101017,0.00166938
938.55179476,0.00069844
938.72258149,0.00069882
938.89337038,0.00084504
939.06416140,0.00173141
939.23495457,0.00036856
939.40574987,0.00145110
939.57654731,0.00030610
939.74734689,0.00201199
939.91814859,0.00041240
940.08895243,0.00108672
940.25975839,0.00147330
940.43056648,0.00127157
940.60137668,0.00048499
940.77218901,0.00023883
940.94300346,0.00067624
941.11382002,0.00114779
941.28463870,0.00064775
941.45545948,-0.00004221
941.62628238,0.00297180
941.79710738,0.00088981
941.96793448,0.00120355
942.13876368,0.00198403
942.30959499,0.00007612
942.48042839,0.00043512
942.65126389,0.00065952
942.82210148,0.00065941
942.99294116,0.00086122
943.16378292,0.00028920
943.33462677,0.00026619
943.50547271,0.00003637
943.67632072,-0.00009821
943.84717082,0.00083333
944.01802299,0.00116451
944.18887723,0.00097959
944.35973355,0.00105861
944.53059194,-0.00000286
944.70145239,0.00062568
944.87231491,0.00119774
945.04317949,0.00064836
945.21404613,0.00040122
945.38491482,0.00049647
945.55578558,-0.00036228
945.72665838,0.00147296
945.89753324,0.00095666
946.06841015,0.00124340
946.23928910,0.00046933
946.41017010,0.00043530
946.58105314,0.00085586
946.75193821,0.00077144
946.92282533,-0.00048540
947.09371448,0.00063147
947.26460566,0.00174850
947.43549887,0.00073794
947.60639411,-0.00023814
947.77729138,0.00092841
947.94819067,0.00139531
948.11909198,0.00096248
948.28999531,0.00019857
948.46090065,0.00028352
948.63180801,0.00045204
948.80271738,0.00019933
948.97362876,0.00013176
949.14454215,-0.00032192
949.31545754,0.00041272
949.48637494,0.00069818
949.65729434,0.00173116
949.82821573,-0.00018279
949.99913912,0.00106324
950.17006450,0.00126577
950.34099188,-0.00028290
950.51192124,-0.00049066
950.68285259,0.00029428
950.85378592,0.00032797
951.02472124,0.00073853
951.19565853,0.00065911
951.36659780,0.00013765
951.53753905,0.00116451
951.70848227,0.00172614
951.87942746,-0.00005286
952.05037462,0.00003097
952.22132374,0.00017735
952.39227483,0.00103022
952.56322788,0.00116399
952.73418288,0.00044663
952.90513985,0.00044634
953.07609877,0.00037374
953.24705964,0.00055835
953.41802246,0.00097924
953.58898722,0.00115937
953.75995394,0.00028931
953.93092259,0.00123762
954.10189319,0.00123170
954.27286572,-0.00023300
954.44384019,0.00152943
954.61481659,-0.00033950
954.78579493,0.00081647
954.95677519,0.00184382
955.12775738,-0.00072615
955.29874150,0.00201740
955.46972753,0.00060384
955.64071549,0.00055855
955.81170536,-0.00079398
955.98269715,0.00026102
956.15369085,0.00033369
956.32468646,0.00256242
956.49568399,0.00027766
956.66668341,-0.00025575
956.83768474,0.00096839
957.00868797,0.00129929
957.17969310,0.00169200
957.35070013,0.00077116
957.52170905,0.00096866
957.69271986,0.00040679
957.86373257,-0.00036758
958.03474716,0.00069249
958.20576364,0.00056398
958.37678199,-0.00128764
958.54780223,0.00149667
958.71882435,-0.00079406
958.88984835,0.00118146
959.06087421,0.00004792
959.23190195,0.00104733
959.40293156,0.00052464
959.57396304,0.00020466
959.74499638,-0.00012013
959.91603158,0.00056379
960.08706864,0.00161342
960.25810756,0.00013237
960.42914833,0.00131062
960.60019096,0.00168638
960.77123544,0.00152973
960.94228177,-0.00003061
961.11332994,-0.00059725
961.28437996,0.00111964
961.45543181,0.00104129
961.62648551,-0.00003648
961.79754104,0.00101998
961.96859841,0.00019390
962.13965761,0.00012644
962.31071865,0.00152372
962.48178150,0.00176510
962.65284619,0.00118162
962.82391270,0.00086159
962.99498102,0.00199523
963.16605117,-0.00049099
963.33712313,0.00193398
963.50819691,0.00074903
963.67927250,0.00155752
963.85034989,0.00165246
964.02142910,0.00222514
964.19251011,0.00352225
964.36359292,0.01160321
964.53467753,0.03573521
964.70576394,0.05610170
964.87685215,0.05041086
965.04794214,0.03789037
965.21903393,0.03239014
965.39012751,0.02507773
965.56122287,0.02088005
965.73232002,0.01857887
965.90341895,0.01638549
966.07451966,0.01300672
966.24562214,0.01217049
966.41672640,0.01113149
966.58783244,0.00987440
966.75894024,0.00912280
966.93004981,0.00752905
967.10116115,0.00709643
967.27227425,0.00370150
967.44338911,0.00444196
967.61450573,0.00270239
967.78562410,0.00266297
967.95674423,0.00219138
968.12786611,0.00191074
968.29898974,0.00125447
968.47011512,0.00147901
968.64124224,0.00107454
968.81237111,0.00022741
968.98350171,0.00065376
969.15463406,-0.00004218
969.32576814,0.00188870
969.49690395,0.00134925
969.66804149,0.00059767
969.83918076,0.00128778
970.01032176,-0.00045226
970.18146449,0.00164159
970.35260893,-0.00037882
970.52375509,0.00166393
970.69490298,0.00105810
970.86605257,-0.00055217
971.03720388,0.00174292
971.20835690,0.00181644
971.37951163,0.00144541
971.55066806,0.00074919
971.72182619,0.00211233
971.89298603,0.00043426
972.06414757,0.00223064
972.23531080,0.00274072
972.40647573,0.00097913
972.57764235,0.00142859
972.74881065,0.00103548
972.91998065,0.00112517
973.09115233,0.00107498
973.26232569,0.00120963
973.43350074,0.00228144
973.60467746,0.00032841
973.77585586,0.00114839
973.94703593,0.00158614
974.11821767,0.00242199
974.28940108,0.00163639
974.46058616,0.00043505
974.63177290,-0.00064174
974.80296131,0.00087845
974.97415137,-0.00037886
975.14534309,0.00140038
975.31653647,0.00087841
975.48773149,0.00090053
975.65892817,0.00307224
975.83012650,0.00030583
976.00132648,0.00069929
976.17252809,0.00140004
976.34373135,0.00167012
976.51493625,0.00108016
976.68614278,0.00031734
976.85735095,0.00055847
977.02856075,0.00072166
977.19977218,0.00211338
977.37098524,0.00169237
977.54219992,0.00162530
977.71341623,0.00287683
977.88463415,0.00052544
978.05585370,0.00267444
978.22707486,0.00230921
978.39829763,0.00204017
978.56952202,0.00069952
978.74074801,0.00128761
978.91197561,0.00105261
979.08320482,0.00295440
979.25443562,0.00151351
979.42566803,0.00161911
979.59690204,-0.00000251
979.76813764,0.00205142
979.93937483,0.00090634
980.11061361,-0.00008134
980.28185399,0.00281455
980.45309595,0.00176516
980.62433949,0.00133907
980.79558461,0.00155754
980.96683131,0.00156842
981.13807959,0.00088404
981.30932945,0.00190541
981.48058087,0.00219204
981.65183387,0.00125418
981.82308843,0.00193892
981.99434456,0.00214665
982.16560225,0.00190601
982.33686151,0.00160202
982.50812232,0.00199494
982.67938468,0.00263388
982.85064861,0.00109751
983.02191408,0.00051375
983.19318110,0.00147372
983.36444967,0.00252834
983.53571978,0.00086139
983.70699144,0.00158021
983.87826463,0.00237143
984.04953937,0.00116501
984.22081564,0.00138354
984.39209344,0.00109220
984.56337277,0.00169747
984.73465363,0.00090105
984.90593602,0.00340448
985.07721993,0.00247235
985.24850536,0.00071597
985.41979231,0.00139436
985.59108078,0.00091202
985.76237077,0.00224772
985.93366226,0.00184371
986.10495527,0.00081129
986.27624978,0.00242120
986.44754580,0.00262371
986.61884333,0.00193896
986.79014235,0.00161336
986.96144287,0.00057564
987.13274489,0.00177612
987.30404840,0.00238750
987.47535341,0.00075458
987.64665990,0.00191141
987.81796788,0.00208545
987.98927735,0.00132151
988.16058829,0.00131640
988.33190072,0.00073244
988.50321463,0.00232058
988.67453001,0.00125439
988.84584686,0.00216332
989.01716519,0.00269153
989.18848498,0.00337645
989.35980625,0.00185458
989.53112897,0.00053621
989.70245316,0.00238274
989.87377880,0.00103614
990.04510591,0.00045204
990.21643446,0.00146785
990.38776447,0.00257868
990.55909593,0.00333128
990.73042884,0.00180483
990.90176320,0.00136053
991.07309900,0.00117604
991.24443623,0.00120956
991.41577491,0.00260137
991.58711503,0.00185526
991.75845657,0.00122095
991.92979955,0.00108009
992.10114396,0.00119283
992.27248980,0.00167559
992.44383706,0.00119300
992.61518574,0.00191174
992.78653585,0.00101345
992.95788737,0.00202883
993.12924031,0.00223646
993.30059466,0.00155196
993.47195042,0.00168071
993.64330760,0.00264045
993.81466617,0.00126527
993.98602616,0.00068847
994.15738754,0.00193861
994.32875033,0.00182725
994.50011451,0.00225879
994.67148008,0.00197883
994.84284705,0.00079465
995.01421541,0.00226424
995.18558516,0.00275816
995.35695629,0.00054187
995.52832881,0.00253434
995.69970271,0.00005348
995.87107798,0.00144020
996.04245464,0.00212956
996.21383266,0.00097336
996.38521206,0.00057528
996.55659283,0.00166355
996.72797497,0.00160226
996.89935847,0.00156917
997.07074334,0.00038498
997.24212956,0.00181567
997.41351715,0.00121499
997.58490609,0.00143964
997.75629638,0.00149578
997.92768802,0.00139480
998.09908102,0.00105217
998.27047536,0.00193893
998.44187104,0.00165277
998.61326807,0.00211249
998.78466643,0.00193945
998.95606614,0.00089530
999.12746718,0.00097439
999.29886955,0.00205626
999.47027325,0.00072739
999.64167828,0.00124309
999.81308464,0.00241028
999.98449232,0.00071499
1000.15590132,0.00132228
1000.32731164,0.00174283
1000.49872328,0.00174232
1000.67013623,0.00165223
1000.84155049,0.00112495
1001.01296607,0.00062003
1001.18438295,0.00138363
1001.35580113,0.00177617
1001.52722062,0.00209089
1001.69864141,0.00175388
1001.87006350,0.00070469
1002.04148689,0.00240171
1002.21291157,0.00298362
1002.38433754,0.00288793
1002.55576479,0.00178244
1002.72719334,0.00283788
1002.89862317,0.00276971
1003.07005428,0.00357756
1003.24148668,0.00229230
1003.41292035,0.00171515
1003.58435529,0.00299441
1003.75579151,0.00196165
1003.92722900,0.00202880
1004.09866776,0.00110231
1004.27010778,0.00081716
1004.44154907,0.00248316
1004.61299162,0.00320200
1004.78443543,0.00126583
1004.95588049,0.00257900
1005.12732681,0.00215321
1005.29877438,0.00297142
1005.47022321,0.00150149
1005.64167328,0.00245592
1005.81312459,0.00220279
1005.98457715,-0.00054679
1006.15603095,-0.00001407
1006.32748599,0.00189475
1006.49894226,0.00057543
1006.67039977,0.00156910
1006.84185851,0.00208513
1007.01331848,0.00170321
1007.18477968,0.00240473
1007.35624210,0.00166410
1007.52770574,0.00178162
1007.69917060,0.00183224
1007.87063668,0.00206248
1008.04210398,0.00213033
1008.21357249,0.00169736
1008.38504221,0.00255582
1008.55651314,0.00134460
1008.72798528,0.00009822
1008.89945862,0.00308375
1009.07093316,0.00145058
1009.24240890,0.00310117
1009.41388583,0.00063723
1009.58536397,0.00137881
1009.75684329,0.00109751
1009.92832381,0.00142238
1010.09980551,0.00086669
1010.27128840,0.00169231
1010.44277247,0.00079447
1010.61425772,0.00197866
1010.78574416,0.00196663
1010.95723176,0.00311185
1011.12872055,0.00150163
1011.30021050,0.00174801
1011.47170162,0.00208552
1011.64319391,0.00188840
1011.81468737,0.00120495
1011.98618199,0.00137210
1012.15767776,0.00074421
1012.32917470,0.00255728
1012.50067279,0.00101873
1012.67217204,0.00132141
1012.84367243,0.00204656
1013.01517398,0.00148407
1013.18667667,0.00303950
1013.35818051,0.00126533
1013.52968548,0.00050315
1013.70119160,0.00206267
1013.87269885,0.00129962
1014.04420724,0.00234275
1014.21571677,0.00172541
1014.38722742,0.00197308
1014.55873920,0.00095195
1014.73025210,0.00196149
1014.90176613,0.00205153
1015.07328128,0.00212433
1015.24479755,0.00068726
1015.41631494,0.00130509
1015.58783344,0.00293214
1015.75935305,0.00237094
1015.93087377,0.00230465
1016.10239560,0.00090105
1016.27391854,0.00101864
1016.44544257,0.00238262
1016.61696771,0.00069881
1016.78849395,0.00280867
1016.96002128,0.00239359
1017.13154970,0.00236588
1017.30307922,0.00198959
1017.47460982,0.00146757
1017.64614151,0.00195602
1017.81767429,0.00351587
1017.98920815,0.00264022
1018.16074308,0.00112009
1018.33227910,0.00001400
1018.50381619,0.00174833
1018.67535435,0.00055892
1018.84689359,0.00190559
1019.01843389,0.00153478
1019.18997525,0.00103589
1019.36151769,0.00198383
1019.53306118,0.00236554
1019.70460573,0.00215852
1019.87615134,0.00179314
1020.04769800,0.00029496
1020.21924571,0.00136142
1020.39079448,0.00117537
1020.56234429,0.00121563
1020.73389515,0.00167516
1020.90544705,0.00085590
1021.07699999,0.00256793
1021.24855397,0.00045780
1021.42010898,0.00089534
1021.59166503,0.00243308
1021.76322211,0.00205122
1021.93478022,0.00234264
1022.10633936,0.00270223
1022.27789952,0.00003146
1022.44946070,0.00222017
1022.62102290,0.00151893
1022.79258612,0.00153464
1022.96415036,0.00236592
1023.13571560,0.00018908
1023.30728186,0.00202865
1023.47884913,0.00178746
1023.65041740,0.00238798
1023.82198668,0.00189340
1023.99355696,0.00223691
1024.16512824,0.00169202
1024.33670051,0.00143920
1024.50827378,0.00046893
1024.67984804,0.00160850
1024.85142329,0.00156903
1025.02299953,0.00228731
1025.19457675,0.00297689
1025.36615496,0.00069903
1025.53773415,0.00106367
1025.70931432,0.00291000
1025.88089546,0.00059243
1026.05247758,0.00266886
1026.22406066,0.00086782
1026.39564472,0.00253977
1026.56722975,0.00307872
1026.73881573,0.00164716
1026.91040269,0.00058082
1027.08199060,0.00223099
1027.25357947,0.00162534
1027.42516929,0.00045181
1027.59676007,0.00203455
1027.76835180,-0.00020962
1027.93994447,0.00231499
1028.11153810,0.00134376
1028.28313266,0.00241053
1028.45472817,0.00135006
1028.62632462,0.00086179
1028.79792201,0.00163610
1028.96952033,0.00079990
1029.14111958,0.00050775
1029.31271976,0.00193973
1029.48432087,0.00278686
1029.65592291,0.00116983
1029.82752587,0.00164166
1029.99912975,0.00250609
1030.17073454,0.00041253
1030.34234026,-0.00012023
1030.51394689,0.00241162
1030.68555443,0.00012641
1030.85716288,0.00202334
1031.02877223,0.00197837
1031.20038250,0.00097949
1031.37199366,0.00167550
1031.54360573,0.00199019
1031.71521869,0.00080592
1031.88683255,0.00053572
1032.05844730,0.00160237
1032.23006294,0.00303325
1032.40167947,0.00219746
1032.57329689,0.00135541
1032.74491519,0.00118720
1032.91653437,0.00179297
1033.08815444,0.00226458
1033.25977538,0.00180449
1033.43139719,0.00107458
1033.60301988,0.00217548
1033.77464343,0.00060910
1033.94626786,0.00167495
1034.11789315,0.00182122
1034.28951931,0.00168592
1034.46114632,0.00279726
1034.63277420,0.00042898
1034.80440293,0.00193350
1034.97603251,0.00135555
1035.14766295,0.00166942
1035.31929424,0.00271376
1035.49092637,0.00128829
1035.66255935,0.00271360
1035.83419317,0.00064874
1036.00582783,0.00152372
1036.17746333,0.00171462
1036.34909967,0.00212356
1036.52073684,0.00104652
1036.69237484,0.00235435
1036.86401367,0.00197249
1037.03565332,0.00230908
1037.20729380,0.00236592
1037.37893511,0.00102448
1037.55057723,0.00137276
1037.72222017,0.00365630
1037.89386392,0.00090682
1038.06550849,0.00129379
1038.23715386,0.00239348
1038.40880005,0.00106352
1038.58044704,0.00170853
1038.75209484,0.00231488
1038.92374343,0.00204004
1039.09539283,0.00107998
1039.26704302,0.00257942
1039.43869400,0.00116998
1039.61034578,0.00220864
1039.78199835,0.00183824
1039.95365171,0.00138346
1040.12530585,0.00050824
1040.29696077,0.00067063
1040.46861647,0.00070449
1040.64027295,0.00197269
1040.81193021,0.00155722
1040.98358824,0.00155707
1041.15524705,0.00284255
1041.32690662,0.00285400
1041.49856696,0.00036771
1041.67022806,0.00111452
1041.84188992,0.00087280
1042.01355255,0.00140625
1042.18521593,-0.00012639
1042.35688007,0.00165829
1042.52854496,0.00265182
1042.70021060,0.00180970
1042.87187699,0.00227037
1043.04354412,0.00159087
1043.21521200,0.00177685
1043.38688062,0.00274727
1043.55854998,0.00308411
1043.73022008,0.00230450
1043.90189091,0.00213579
1044.07356247,0.00165274
1044.24523477,0.00178263
1044.41690779,0.00191101
1044.58858153,0.00147395
1044.76025600,0.00200676
1044.93193119,0.00145579
1045.10360710,0.00222506
1045.27528372,0.00210196
1045.44696106,0.00214720
1045.61863911,0.00174870
1045.79031787,0.00259608
1045.96199733,0.00248895
1046.13367750,0.00335868
1046.30535838,0.00275335
1046.47703995,0.00322432
1046.64872222,0.00203498
1046.82040518,0.00256798
1046.99208884,0.00113097
1047.16377319,0.00243298
1047.33545823,0.00181593
1047.50714395,0.00211330
1047.67883036,0.00114180
1047.85051745,0.00150720
1048.02220522,0.00114231
1048.19389366,0.00070445
1048.36558278,0.00195046
1048.53727257,0.00178705
1048.70896304,0.00239851
1048.88065417,0.00207379
1049.05234596,0.00359435
1049.22403842,0.00189410
1049.39573154,0.00226980
1049.56742532,0.00231571
1049.73911975,0.00105193
1049.91081484,0.00214160
1050.08251058,0.00200620
1050.25420697,0.00247839
1050.42590401,0.00236615
1050.59760169,0.00139481
1050.76930001,0.00139465
1050.94099897,0.00165270
1051.11269857,0.00245041
1051.28439881,0.00106938
1051.45609968,0.00335338
1051.62780118,0.00185486
1051.79950331,0.00164834
1051.97120607,0.00294357
1052.14290945,0.00072134
1052.31461345,0.00261834
1052.48631807,0.00199526
1052.65802331,0.00086737
1052.82972916,0.00142270
1053.00143563,0.00060921
1053.17314271,0.00128777
1053.34485039,0.00152966
1053.51655868,0.00153516
1053.68826757,0.00218042
1053.85997707,0.00163050
1054.03168716,0.00239966
1054.20339785,0.00199561
1054.37510913,0.00257313
1054.54682101,0.00119829
1054.71853347,0.00165317
1054.89024652,0.00188811
1055.06196016,0.00224224
1055.23367438,0.00190499
1055.40538918,0.00172020
1055.57710455,0.00184960
1055.74882051,0.00158556
1055.92053703,0.00210777
1056.09225413,0.00091270
1056.26397180,0.00269084
1056.43569003,0.00201283
1056.60740883,0.00183819
1056.77912819,0.00332545
1056.95084811,0.00171386
1057.12256858,0.00240504
1057.29428961,0.00114762
1057.46601120,0.00172031
1057.63773333,0.00062568
1057.80945601,0.00095680
1057.98117924,0.00188874
1058.15290301,0.00191714
1058.32462732,0.00138959
1058.49635217,0.00239963
1058.66807756,0.00059783
1058.83980348,0.00186540
1059.01152994,-0.00084470
1059.18325692,0.00172562
1059.35498443,0.00154021
1059.52671247,0.00069856
1059.69844103,0.00195586
1059.87017011,-0.00018783
1060.04189970,0.00074913
1060.21362982,0.00129403
1060.38536045,0.00149018
1060.55709158,0.00105242
1060.72882323,0.00040614
1060.90055538,0.00053059
1061.07228804,0.00092333
1061.24402120,0.00169179
1061.41575486,0.00049684
1061.58748902,0.00092323
1061.75922367,0.00153492
1061.93095882,0.00046318
1062.10269445,0.00239938
1062.27443058,0.00054782
1062.44616719,0.00090152
1062.61790428,0.00085047
1062.78964186,0.00177058
1062.96137991,0.00100172
1063.13311844,0.00125432
1063.30485745,0.00144027
1063.47659693,0.00186014
1063.64833687,0.00151820
1063.82007729,0.00068226
1063.99181817,0.00150161
1064.16355951,0.00155161
1064.33530131,0.00358903
1064.50704358,0.00164179
1064.67878629,0.00196723
1064.85052947,0.00108584
1065.02227309,0.00273061
1065.19401716,0.00301108
1065.36576168,0.00236520
1065.53750664,0.00127701
1065.70925205,0.00023930
1065.88099789,0.00104704
1066.05274418,0.00057577
1066.22449090,0.00209558
1066.39623805,0.00209072
1066.56798563,0.00164722
1066.73973364,0.00115325
1066.91148208,0.00059247
1067.08323094,0.00190539
1067.25498022,0.00014852
1067.42672992,0.00097951
1067.59848004,0.00066010
1067.77023057,0.00086165
1067.94198152,0.00187172
1068.11373287,0.00270273
1068.28548464,0.00232591
1068.45723680,0.00088486
1068.62898938,0.00121585
1068.80074235,0.00133349
1068.97249572,-0.00051884
1069.14424948,0.00186068
1069.31600365,0.00093449
1069.48775820,0.00055859
1069.65951314,0.00063222
1069.83126847,0.00137245
1070.00302418,0.00121536
1070.17478028,-0.00001965
1070.34653675,0.00065995
1070.51829360,0.00123289
1070.69005083,0.00196681
1070.86180844,0.00105834
1071.03356641,0.00216333
1071.20532475,0.00148432
1071.37708346,0.00063707
1071.54884253,0.00173681
1071.72060196,-0.00023306
1071.89236175,0.00092894
1072.06412190,0.00112514
1072.23588241,0.00077211
1072.40764327,0.00059193
1072.57940447,0.00041809
1072.75116603,0.00179857
1072.92292793,0.00154044
1073.09469017,0.00086671
1073.26645276,0.00059800
1073.43821568,0.00059816
1073.60997894,0.00082303
1073.78174253,0.00129355
1073.95350646,0.00071534
1074.12527071,0.00217443
1074.29703530,0.00009855
1074.46880020,0.00182117
1074.64056543,0.00027237
1074.81233098,0.00092854
1074.98409685,0.00082803
1075.15586303,0.00132198
1075.32762953,0.00100177
1075.49939634,0.00078834
1075.67116345,0.00076625
1075.84293088,0.00113111
1076.01469860,0.00099055
1076.18646663,0.00173691
1076.35823496,0.00113728
1076.53000358,0.00191048
1076.70177250,-0.00054106
1076.87354172,0.00163611
1077.04531122,0.00182107
1077.21708101,0.00156927
1077.38885109,0.00014935
1077.56062145,0.00088955
1077.73239209,0.00158588
1077.90416301,0.00009284
1078.07593421,0.00088939
1078.24770568,0.00317407
1078.41947742,0.00013800
1078.59124943,-0.00016558
1078.76302171,0.00168166
1078.93479426,0.00084503
1079.10656707,0.00135525
1079.27834014,-0.00040619
1079.45011346,-0.00060868
1079.62188704,0.00206875
1079.79366088,0.00104672
1079.96543496,0.00001962
1080.13720930,0.00073792
1080.30898388,-0.00070423
1080.48075871,0.00067025
1080.65253378,0.00150686
1080.82430908,0.00144538
1080.99608463,0.00154127
1081.16786041,0.00098491
1081.33963642,0.00136670
1081.51141267,0.00096240
1081.68318914,0.00073262
1081.85496584,0.00246702
1082.02674276,0.00199567
1082.19851990,0.00473380
1082.37029726,0.00484593
1082.54207484,0.00201289
1082.71385263,0.00420649
1082.88563064,0.00206834
1083.05740885,0.00298817
1083.22918727,0.00237715
1083.40096590,0.00179321
1083.57274473,0.00110892
1083.74452376,0.00183819
1083.91630299,0.00123203
1084.08808242,0.00073778
1084.25986203,0.00136653
1084.43164184,0.00190546
1084.60342184,0.00232630
1084.77520203,0.00178116
1084.94698240,0.00173730
1085.11876295,0.00139456
1085.29054368,0.00138896
1085.46232459,0.00185482
1085.63410568,0.00257324
1085.80588693,0.00159142
1085.97766836,-0.00019937
1086.14944996,0.00163015
1086.32123172,0.00218045
1086.49301365,0.00022755
1086.66479574,0.00073220
1086.83657798,0.00164732
1087.00836039,0.00130486
1087.18014295,0.00150212
1087.35192566,0.00062595
1087.52370852,-0.00015401
1087.69549152,0.00284829
1087.86727468,0.00126576
1088.03905797,0.00119251
1088.21084141,0.00063733
1088.38262499,0.00114770
1088.55440870,0.00000267
1088.72619255,0.00213030
1088.89797652,0.00115907
1089.06976063,0.00169290
1089.24154486,-0.00100122
1089.41332922,0.00110271
1089.58511370,0.00105873
1089.75689830,0.00206316
1089.92868302,0.00030673
1090.10046785,0.00074970
1090.27225280,-0.00024965
1090.44403786,0.00058731
1090.61582302,0.00253960
1090.78760829,0.00206775
1090.95939367,0.00038417
1091.13117915,0.00142287
1091.30296472,0.00120361
1091.47475040,0.00107453
1091.64653616,0.00119246
1091.81832203,0.00040191
1091.99010798,-0.00013150
1092.16189402,0.00137790
1092.33368014,0.00101923
1092.50546635,0.00108533
1092.67725263,0.00147859
1092.84903900,0.00104095
1093.02082544,-0.00015356
1093.19261196,0.00179292
1093.36439855,0.00180462
1093.53618521,0.00019330
1093.70797193,-0.00022678
1093.87975872,0.00003120
1094.05154558,0.00019451
1094.22333249,0.00052485
1094.39511946,0.00075513
1094.56690649,0.00041794
1094.73869356,0.00178212
1094.91048070,0.00095178
1095.08226787,0.00110814
1095.25405510,0.00096843
1095.42584237,0.00219745
1095.59762968,0.00151277
1095.76941703,0.00139998
1095.94120442,0.00118717
1096.11299184,-0.00022764
1096.28477930,0.00039045
1096.45656678,0.00076648
1096.62835429,0.00000901
1096.80014183,-0.00020467
1096.97192940,0.00109141
1097.14371698,0.00062012
1097.31550458,0.00065416
1097.48729220,0.00093447
1097.65907983,0.00068184
1097.83086748,0.00091791
1098.00265513,0.00026080
1098.17444279,-0.00010377
1098.34623046,0.00162518
1098.51801813,0.00080568
1098.68980580,0.00119291
1098.86159347,0.00111433
1099.03338113,0.00090093
1099.20516878,0.00120410
1099.37695643,0.00079419
1099.54874407,0.00037321
1099.72053169,0.00110260
1099.89231930,0.00092289
1100.06410689,0.00076549
1100.23589446,0.00055273
1100.40768200,0.00190514
1100.57946952,0.00114159
1100.75125702,0.00064808
1100.92304448,0.00192270
1101.09483191,-0.00033946
1101.26661931,0.00084514
1101.43840667,0.00005917
1101.61019400,0.00097320
1101.78198128,-0.00036191
1101.95376852,0.00190599
1102.12555571,0.00067607
1102.29734285,-0.00065362
1102.46912995,0.00206239
1102.64091699,0.00082745
1102.81270398,0.00137211
1102.98449091,0.00030595
1103.15627778,0.00018781
1103.32806459,0.00082843
1103.49985133,0.00239933
1103.67163801,0.00183221
1103.84342462,0.00096890
1104.01521115,0.00118115
1104.18699762,0.00044082
1104.35878401,0.00071579
1104.53057032,0.00127674
1104.70235655,0.00134432
1104.87414270,0.00051421
1105.04592876,0.00066509
1105.21771474,0.00107459
1105.38950063,0.00147922
1105.56128642,0.00078303
1105.73307212,0.00133307
1105.90485773,-0.00108755
1106.07664324,0.00028739
1106.24842864,-0.00023449
1106.42021394,-0.00027359
1106.59199914,0.00018081
1106.76378423,-0.00064426
