498.13753917,0.00115744
498.29442466,0.00128532
498.45131842,0.00062523
498.60822047,0.00205970
498.76513079,0.00152653
498.92204938,0.00187416
499.07897625,0.00149135
499.23591138,0.00151151
499.39285479,-0.00055446
499.54980645,0.00239419
499.70676638,0.00200978
499.86373458,0.00160431
500.02071102,0.00118535
500.17769573,0.00352966
500.33468869,0.00169012
500.49168989,0.00343758
500.64869935,0.00115706
500.80571706,0.00182518
500.96274300,0.00249303
501.11977719,0.00139243
501.27681962,0.00162749
501.43387029,0.00081590
501.59092919,0.00171151
501.74799632,0.00189567
501.90507169,0.00025494
502.06215528,0.00042570
502.21924710,0.00129931
502.37634714,0.00183203
502.53345540,0.00220242
502.69057188,0.00073854
502.84769658,0.00159772
503.00482949,0.00152663
503.16197062,0.00317461
503.31911995,0.00048142
503.47627749,0.00195928
503.63344324,0.00282764
503.79061719,0.00056685
503.94779934,0.00063879
504.10498968,0.00223032
504.26218823,0.00218819
504.41939496,0.00212323
504.57660989,0.00327407
504.73383301,0.00178223
504.89106431,0.00072353
505.04830380,0.00158431
505.20555147,0.00134265
505.36280732,0.00208772
505.52007134,0.00075925
505.67734355,0.00354527
505.83462392,0.00011221
505.99191247,0.00043259
506.14920918,0.00212324
506.30651406,0.00020615
506.46382710,0.00058874
506.62114830,0.00183969
506.77847767,0.00126369
506.93581519,0.00083750
507.09316086,0.00068133
507.25051469,0.00209495
507.40787666,0.00249299
507.56524679,0.00203003
507.72262505,0.00121419
507.88001147,0.00335967
508.03740602,0.00113531
508.19480871,0.00213077
508.35221953,0.00151224
508.50963849,0.00215247
508.66706558,-0.00071725
508.82450080,0.00149172
508.98194415,0.00174664
509.13939562,0.00149841
509.29685522,0.00194622
509.45432293,0.00024795
509.61179876,0.00151907
509.76928271,0.00263471
509.92677477,0.00098602
510.08427494,0.00343754
510.24178321,0.00114975
510.39929960,0.00274910
510.55682409,0.00264188
510.71435668,0.00258546
510.87189737,0.00285558
511.02944615,-0.00024915
511.18700303,0.00102952
511.34456800,0.00228698
511.50214106,0.00101527
511.65972221,0.00175426
511.81731145,0.00206672
511.97490877,0.00050323
512.13251417,0.00188203
512.29012764,0.00208124
512.44774920,0.00228672
512.60537882,0.00189704
512.76301652,0.00127826
512.92066229,-0.00008651
513.07831613,0.00118656
513.23597803,0.00303244
513.39364799,0.00149741
513.55132601,0.00156868
513.70901209,0.00120778
513.86670622,0.00121521
514.02440841,0.00052536
514.18211865,0.00307608
514.33983694,0.00139127
514.49756327,0.00279894
514.65529765,0.00105133
514.81304007,0.00215840
514.97079053,0.00118554
515.12854902,0.00402708
515.28631555,0.00087286
515.44409012,0.00257814
515.60187271,0.00136995
515.75966333,0.00318844
515.91746198,0.00165523
516.07526865,0.00079517
516.23308334,0.00139119
516.39090604,0.00216632
516.54873677,0.00116430
516.70657551,0.00181100
516.86442226,0.00221648
517.02227702,0.00189586
517.18013979,0.00247838
517.33801056,0.00129261
517.49588933,0.00182473
517.65377611,0.00268529
517.81167088,0.00245743
517.96957365,0.00289818
518.12748441,0.00269087
518.28540316,0.00083783
518.44332990,0.00236442
518.60126463,0.00284816
518.75920734,0.00163400
518.91715803,0.00346604
519.07511671,0.00278438
519.23308336,0.00174736
519.39105798,0.00153339
519.54904058,0.00279138
519.70703115,0.00291959
519.86502968,0.00018399
520.02303618,0.00296840
520.18105065,0.00309720
520.33907307,0.00329644
520.49710346,0.00252822
520.65514180,0.00020599
520.81318809,-0.00027596
520.97124234,-0.00010030
521.12930454,0.00385022
521.28737468,0.00122768
521.44545277,0.00221503
521.60353880,0.00246459
521.76163277,0.00070905
521.91973468,0.00347972
522.07784452,0.00215828
522.23596230,0.00259293
522.39408801,0.00161971
522.55222165,0.00370900
522.71036322,0.00243697
522.86851271,0.00321832
523.02667012,0.00232268
523.18483545,0.00178905
523.34300870,0.00157649
523.50118986,0.00122123
523.65937894,0.00330355
523.81757592,0.00313222
523.97578082,0.00300465
524.13399362,0.00291853
524.29221432,0.00186786
524.45044293,0.00269958
524.60867943,0.00353090
524.76692383,0.00350179
524.92517613,0.00309035
525.08343631,0.00261368
525.24170439,0.00217365
525.39998036,0.00230097
525.55826420,0.00274120
525.71655594,0.00046057
525.87485555,0.00184000
526.03316304,0.00200296
526.19147841,0.00249298
526.34980165,0.00264366
526.50813276,0.00162591
526.66647174,0.00274792
526.82481859,0.00259317
526.98317330,0.00232218
527.14153587,0.00161923
527.29990631,0.00107878
527.45828460,0.00130663
527.61667074,0.00360073
527.77506474,0.00268400
527.93346659,0.00205232
528.09187629,0.00344575
528.25029383,0.00311850
528.40871922,0.00359517
528.56715245,0.00283391
528.72559352,0.00058145
528.88404242,0.00311841
529.04249916,0.00262721
529.20096373,0.00272723
529.35943614,0.00290492
529.51791636,0.00298957
529.67640442,0.00142715
529.83490030,0.00335975
529.99340399,0.00408478
530.15191551,0.00292597
530.31043484,0.00153388
530.46896199,0.00206002
530.62749695,0.00240022
530.78603971,0.00097981
530.94459029,0.00308275
531.10314866,0.00111546
531.26171485,0.00279151
531.42028883,0.00323844
531.57887060,0.00394207
531.73746018,0.00183173
531.89605754,0.00399884
532.05466270,0.00507207
532.21327565,0.00345897
532.37189638,0.00198875
532.53052489,0.00310358
532.68916119,0.00232197
532.84780527,0.00340177
533.00645712,0.00140659
533.16511675,0.00121478
533.32378415,0.00220083
533.48245932,0.00201812
533.64114226,0.00286237
533.79983296,0.00392832
533.95853143,0.00154977
534.11723765,0.00250064
534.27595164,0.00199505
534.43467338,0.00331547
534.59340288,0.00165359
534.75214013,0.00232183
534.91088512,0.00210858
535.06963787,0.00261991
535.22839836,0.00088701
535.38716659,0.00278480
535.54594256,0.00363614
535.70472627,0.00082378
535.86351771,0.00226518
536.02231689,0.00141997
536.18112380,0.00316789
536.33993844,0.00173350
536.49876080,0.00127054
536.65759089,0.00348825
536.81642870,0.00142684
536.97527423,0.00271312
537.13412747,0.00254337
537.29298843,0.00218098
537.45185711,0.00393598
537.61073349,0.00198842
537.76961758,0.00195313
537.92850938,0.00193288
538.08740888,0.00373573
538.24631608,0.00188107
538.40523098,0.00185437
538.56415358,0.00093660
538.72308387,0.00262071
538.88202185,0.00020585
539.04096752,0.00161144
539.19992088,0.00255708
539.35888192,0.00206638
539.51785065,0.00249997
539.67682706,0.00114395
539.83581114,0.00389981
539.99480290,0.00271985
540.15380233,0.00201726
540.31280944,0.00309673
540.47182421,0.00113714
540.63084665,0.00219406
540.78987676,0.00384963
540.94891452,0.00289779
541.10795995,0.00282032
541.26701303,0.00162566
541.42607377,0.00263581
541.58514216,0.00346646
541.74421820,0.00182514
541.90330189,0.00107911
542.06239322,0.00226462
542.22149220,0.00395514
542.38059882,0.00350145
542.53971308,0.00403421
542.69883497,0.00345854
542.85796450,0.00225811
543.01710166,0.00342297
543.17624645,0.00240782
543.33539887,0.00183179
543.49455891,0.00259964
543.65372658,0.00240798
543.81290187,0.00331024
543.97208477,0.00295431
544.13127529,-0.00090320
544.29047342,0.00145598
544.44967917,0.00263543
544.60889252,0.00098694
544.76811348,0.00110001
544.92734205,0.00306057
545.08657821,0.00239417
545.24582198,0.00250680
545.40507334,0.00184637
545.56433230,0.00200164
545.72359886,0.00352271
545.88287300,0.00223720
546.04215473,0.00252058
546.20144404,0.00212378
546.36074094,0.00193170
546.52004543,0.00146263
546.67935749,0.00164659
546.83867712,0.00104425
546.99800434,0.00052502
547.15733912,0.00230864
547.31668147,0.00252802
547.47603139,0.00355832
547.63538888,0.00188155
547.79475393,0.00176055
547.95412654,0.00193986
548.11350671,0.00288407
548.27289443,0.00294645
548.43228971,0.00345891
548.59169254,0.00093014
548.75110292,0.00206074
548.91052084,0.00298307
549.06994631,0.00208785
549.22937932,0.00416408
549.38881987,0.00291125
549.54826796,0.00399885
549.70772359,-0.00177755
549.86718674,0.00318190
550.02665743,0.00360947
550.18613565,0.00379288
550.34562139,0.00287691
550.50511466,0.00257140
550.66461545,0.00308246
550.82412375,0.00327452
550.98363958,0.00130654
551.14316291,0.00314735
551.30269377,0.00342448
551.46223213,0.00275575
551.62177799,0.00271306
551.78133137,0.00163334
551.94089225,0.00224425
552.10046062,0.00234391
552.26003650,0.00278338
552.41961987,0.00251363
552.57921074,0.00145555
552.73880909,0.00366514
552.89841494,0.00368661
553.05802828,0.00387054
553.21764909,0.00296887
553.37727739,0.00434757
553.53691318,0.00381417
553.69655643,0.00301910
553.85620717,0.00487356
554.01586538,0.00549101
554.17553105,0.00194583
554.33520420,0.00323157
554.49488481,0.00417004
554.65457289,0.00447540
554.81426843,0.00225154
554.97397143,0.00333075
555.13368188,0.00383633
555.29339979,0.00433298
555.45312515,0.00339537
555.61285796,0.00504420
555.77259822,0.00301069
555.93234593,0.00418282
556.09210108,0.00512945
556.25186367,0.00480923
556.41163370,0.00461072
556.57141116,0.00565372
556.73119606,0.00325354
556.89098839,0.00551965
557.05078815,0.00483617
557.21059534,0.00529949
557.37040995,0.00490166
557.53023198,0.00598946
557.69006144,0.00661488
557.84989831,0.00584532
558.00974260,0.00500123
558.16959430,0.00384335
558.32945341,0.00593907
558.48931993,0.00426201
558.64919386,0.00256261
558.80907519,0.00466094
558.96896393,0.00353017
559.12886006,0.00396292
559.28876359,0.00438197
559.44867451,0.00532071
559.60859283,0.00412659
559.76851854,0.00478040
559.92845163,0.00489356
560.08839212,0.00546265
560.24833998,0.00320331
560.40829523,0.00304723
560.56825785,0.00387144
560.72822785,0.00362980
560.88820523,0.00485205
561.04818998,0.00444670
561.20818209,0.00355900
561.36818158,0.00494377
561.52818843,0.00323251
561.68820264,0.00527010
561.84822421,0.00298282
562.00825314,0.00276950
562.16828943,0.00390610
562.32833307,0.00387021
562.48838406,0.00314028
562.64844240,0.00416189
562.80850808,0.00176841
562.96858111,0.00247111
563.12866149,0.00330272
563.28874920,0.00174682
563.44884425,0.00437523
563.60894663,0.00350155
563.76905635,0.00111427
563.92917340,0.00197380
564.08929777,0.00414738
564.24942947,0.00198802
564.40956850,0.00216498
564.56971485,0.00302698
564.72986851,0.00338757
564.89002949,0.00279857
565.05019779,0.00164765
565.21037340,0.00312534
565.37055632,0.00341631
565.53074654,0.00350221
565.69094407,0.00075898
565.85114891,0.00152554
566.01136104,0.00291998
566.17158047,0.00375782
566.33180720,0.00205922
566.49204122,0.00465205
566.65228254,0.00239371
566.81253114,0.00340986
566.97278703,0.00298317
567.13305020,0.00380833
567.29332066,0.00130712
567.45359839,0.00220877
567.61388341,0.00322410
567.77417569,0.00225750
567.93447526,0.00299756
568.09478209,0.00407038
568.25509619,0.00352978
568.41541755,0.00257840
568.57574618,0.00386386
568.73608208,0.00333794
568.89642523,0.00363629
569.05677563,0.00216604
569.21713329,0.00252801
569.37749821,0.00267775
569.53787037,0.00124275
569.69824978,0.00379303
569.85863644,0.00247882
570.01903034,0.00213086
570.17943148,0.00483040
570.33983986,0.00269196
570.50025547,0.00333933
570.66067832,0.00240038
570.82110840,0.00355791
570.98154571,0.00362235
571.14199025,0.00306173
571.30244201,0.00104358
571.46290099,0.00367255
571.62336720,0.00230165
571.78384062,0.00275531
571.94432125,0.00164800
572.10480910,0.00389916
572.26530416,0.00121339
572.42580643,0.00363007
572.58631591,0.00265609
572.74683259,0.00405605
572.90735647,0.00463971
573.06788755,0.00215898
573.22842582,0.00266328
573.38897129,0.00289089
573.54952396,0.00237181
573.71008381,0.00249382
573.87065085,0.00325984
574.03122508,0.00278412
574.19180649,0.00134171
574.35239508,0.00427574
574.51299085,0.00359412
574.67359379,0.00474473
574.83420391,0.00485188
574.99482121,0.00493692
575.15544567,0.00431858
575.31607729,0.00404119
575.47671609,0.00282572
575.63736204,0.00338082
575.79801516,0.00360150
575.95867543,0.00214398
576.11934286,0.00325200
576.28001744,0.00449720
576.44069917,0.00402719
576.60138805,0.00444656
576.76208408,0.00249998
576.92278725,0.00234422
577.08349757,0.00354424
577.24421502,0.00253435
577.40493961,0.00380720
577.56567133,0.00215914
577.72641019,0.00499428
577.88715618,0.00264950
578.04790929,0.00169732
578.20866954,0.00302602
578.36943690,0.00242312
578.53021139,0.00142723
578.69099299,0.00409811
578.85178171,0.00356633
579.01257755,0.00301864
579.17338049,0.00250706
579.33419055,0.00326001
579.49500771,0.00367828
579.65583198,0.00313202
579.81666335,0.00328827
579.97750182,0.00216713
580.13834739,0.00429651
580.29920006,0.00769292
580.46005981,0.00411274
580.62092666,0.00419794
580.78180060,0.00429051
580.94268163,0.00255721
581.10356974,0.00282739
581.26446493,0.00351690
581.42536720,0.00397103
581.58627655,0.00259878
581.74719297,0.00349420
581.90811646,0.00488081
582.06904703,0.00345159
582.22998466,0.00384973
582.39092936,0.00343848
582.55188113,0.00455269
582.71283995,0.00343783
582.87380583,0.00202373
583.03477877,0.00357325
583.19575877,0.00200211
583.35674581,0.00401939
583.51773991,0.00456715
583.67874105,0.00383614
583.83974924,0.00326054
584.00076447,0.00478765
584.16178674,0.00421171
584.32281605,0.00373543
584.48385240,0.00392845
584.64489578,0.00372288
584.80594619,0.00454558
584.96700363,0.00495840
585.12806809,0.00424131
585.28913958,0.00380736
585.45021810,0.00310291
585.61130363,0.00411957
585.77239618,0.00471672
585.93349574,0.00341659
586.09460232,0.00676266
586.25571591,0.01285793
586.41683651,0.01591474
586.57796411,0.01309252
586.73909872,0.01025098
586.90024032,0.00791374
587.06138893,0.00731715
587.22254453,0.00865274
587.38370713,0.00569715
587.54487672,0.00692606
587.70605330,0.00424745
587.86723687,0.00539821
588.02842742,0.00370055
588.18962496,0.00573291
588.35082947,0.00505753
588.51204097,0.00490211
588.67325944,0.00380692
588.83448488,0.00293374
588.99571730,0.00226503
589.15695668,0.00539145
589.31820303,0.00443938
589.47945635,0.00348660
589.64071663,0.00373681
589.80198387,0.00260011
589.96325806,0.00477315
590.12453921,0.00341726
590.28582732,0.00198088
590.44712237,0.00351509
590.60842437,0.00486580
590.76973332,0.00333813
590.93104922,0.00298298
591.09237205,0.00436905
591.25370183,0.00433226
591.41503854,0.00547010
591.57638218,0.00355142
591.73773276,0.00418282
591.89909027,0.00529131
592.06045470,0.00373594
592.22182607,0.00406960
592.38320435,0.00426112
592.54458955,0.00515633
592.70598168,0.00282674
592.86738072,0.00397785
593.02878667,0.00255677
593.19019954,0.00421887
593.35161931,0.00367980
593.51304599,0.00328734
593.67447958,0.00415494
593.83592007,0.00438279
593.99736745,0.00343052
594.15882174,0.00418413
594.32028292,0.00445420
594.48175100,0.00519954
594.64322596,0.00503545
594.80470782,0.00682839
594.96619656,0.00470994
595.12769218,0.00409103
595.28919469,0.00277670
595.45070407,0.00522120
595.61222034,0.00521512
595.77374347,0.00383583
595.93527348,0.00492935
596.09681037,0.00527135
596.25835411,0.00669808
596.41990473,0.00641442
596.58146220,0.00380782
596.74302654,0.00481596
596.90459774,0.00418408
597.06617579,0.00625798
597.22776070,0.00488755
597.38935246,0.00622219
597.55095106,0.00559730
597.71255652,0.00667017
597.87416882,0.00513573
598.03578796,0.00502865
598.19741395,0.00409834
598.35904677,0.00499318
598.52068642,0.00397773
598.68233291,0.00556870
598.84398623,0.00352365
599.00564638,0.00466674
599.16731336,0.00739525
599.32898716,0.00613678
599.49066778,0.00569041
599.65235522,0.00479488
599.81404948,0.00569616
599.97575056,0.00564619
600.13745844,0.00511493
600.29917314,0.00410523
600.46089464,0.00470990
600.62262295,0.00525773
600.78435807,0.00565459
600.94609998,0.00582511
601.10784870,0.00497261
601.26960421,0.00610166
601.43136651,0.00433297
601.59313561,0.00392067
601.75491150,0.00491528
601.91669417,0.00299015
602.07848363,0.00493673
602.24027987,0.00244326
602.40208289,0.00394200
602.56389269,0.00377867
602.72570927,0.00369365
602.88753261,0.00242185
603.04936273,0.00473684
603.21119962,0.00536976
603.37304328,0.00608120
603.53489370,0.00494384
603.69675088,0.00579669
603.85861482,0.00469584
604.02048552,0.00305420
604.18236298,0.00617310
604.34424718,0.00413357
604.50613814,0.00368648
604.66803585,0.00640811
604.82994030,0.00389975
604.99185149,0.00469543
605.15376943,0.00437498
605.31569411,0.00509914
605.47762552,0.00269871
605.63956366,0.00330259
605.80150854,0.00288219
605.96346015,0.00419823
606.12541849,0.00167634
606.28738355,0.00284801
606.44935533,0.00311080
606.61133384,0.00368625
606.77331906,0.00389219
606.93531100,0.00316819
607.09730965,0.00236515
607.25931501,0.00378675
607.42132709,0.00292617
607.58334587,0.00328136
607.74537135,0.00456723
607.90740354,0.00298363
608.06944242,0.00519945
608.23148801,0.00268483
608.39354029,0.00544868
608.55559926,0.00262790
608.71766492,0.00203835
608.87973727,0.00414891
609.04181631,0.00424147
609.20390203,0.00380134
609.36599443,0.00294074
609.52809351,0.00362922
609.69019927,0.00321759
609.85231170,0.00241377
610.01443081,0.00341667
610.17655658,0.00481626
610.33868902,0.00404960
610.50082813,0.00211599
610.66297390,0.00458931
610.82512633,0.00370801
610.98728542,0.00394948
611.14945117,0.00365163
611.31162357,0.00380038
611.47380262,0.00551121
611.63598832,0.00318203
611.79818067,0.00380812
611.96037966,0.00279821
612.12258530,0.00332329
612.28479757,0.00377853
612.44701648,0.00485139
612.60924203,0.00475209
612.77147421,0.00316815
612.93371303,0.00403369
613.09595847,0.00310542
613.25821053,0.00381447
613.42046922,0.00405646
613.58273453,0.00367842
613.74500647,0.00393528
613.90728501,0.00433279
614.06957018,0.00605884
614.23186195,0.00621599
614.39416034,0.01355454
614.55646533,0.01804474
614.71877693,0.01776144
614.88109513,0.01217694
615.04341993,0.01351258
615.20575134,0.00850376
615.36808933,0.00574690
615.53043393,0.00752904
615.69278511,0.00586776
615.85514288,0.00334599
616.01750724,0.00517795
616.17987819,0.00456012
616.34225571,0.00572581
616.50463982,0.00507881
616.66703051,0.00544867
616.82942777,0.00489373
616.99183160,0.00507077
617.15424201,0.00367955
617.31665898,0.00161883
617.47908252,0.00583211
617.64151263,0.00328268
617.80394929,0.00253538
617.96639252,0.00444668
618.12884230,0.00497975
618.29129864,0.00438237
618.45376153,0.00298326
618.61623097,0.00429750
618.77870696,0.00488888
618.94118949,0.00470156
619.10367857,0.00350048
619.26617419,0.00370037
619.42867634,0.00376350
619.59118504,0.00254256
619.75370026,0.00455298
619.91622202,0.00412660
620.07875031,0.00423449
620.24128513,0.00402786
620.40382647,0.00413329
620.56637434,0.00398468
620.72892872,0.00402791
620.89148962,0.00421208
621.05405704,0.00272671
621.21663097,0.00456024
621.37921142,0.00422663
621.54179837,0.00301149
621.70439183,0.00473778
621.86699179,0.00418396
622.02959825,0.00413377
622.19221122,0.00233674
622.35483068,0.00403418
622.51745663,0.00439746
622.68008908,0.00193177
622.84272802,0.00448264
623.00537345,0.00285513
623.16802536,0.00322386
623.33068376,0.00379941
623.49334864,0.00246341
623.65602000,0.00430432
623.81869783,0.00219374
623.98138214,0.00262814
624.14407292,0.00271306
624.30677017,0.00355124
624.46947388,0.00194581
624.63218407,0.00500021
624.79490071,0.00338078
624.95762382,0.00339499
625.12035338,0.00512183
625.28308940,0.00406417
625.44583187,0.00404872
625.60858080,0.00365151
625.77133617,0.00269860
625.93409799,0.00220892
626.09686626,0.00126274
626.25964096,0.00389252
626.42242211,0.00331629
626.58520970,0.00366500
626.74800371,0.00296950
626.91080417,0.00361540
627.07361105,0.00389963
627.23642436,0.00457385
627.39924410,0.00205263
627.56207026,0.00346587
627.72490284,0.00428250
627.88774184,0.00257843
628.05058726,0.00344449
628.21343909,0.00483002
628.37629734,0.00465956
628.53916199,0.00295544
628.70203305,0.00471690
628.86491052,0.00416894
629.02779439,0.00409147
629.19068466,0.00443943
629.35358133,0.00417704
629.51648440,0.00357971
629.67939386,0.00317536
629.84230971,0.00453237
630.00523195,0.00439683
630.16816058,0.00396342
630.33109559,0.00551218
630.49403698,0.00409074
630.65698475,0.00390052
630.81993890,0.00587493
630.98289943,0.00253534
631.14586633,0.00429073
631.30883960,0.00576079
631.47181924,0.00462425
631.63480525,0.00460268
631.79779761,0.00473791
631.96079634,0.00579583
632.12380143,0.00497980
632.28681288,0.00424022
632.44983068,0.00431852
632.61285484,0.00603780
632.77588534,0.00503625
632.93892219,0.00623014
633.10196539,0.00404898
633.26501493,0.00476622
633.42807081,0.00530631
633.59113303,0.00429040
633.75420158,0.00511475
633.91727647,0.00541344
634.08035769,0.00270598
634.24344524,0.00598757
634.40653912,0.00490927
634.56963932,0.00407772
634.73274585,0.00404170
634.89585869,0.00608051
635.05897785,0.00730911
635.22210333,0.00470302
635.38523512,0.00454687
635.54837323,0.00593892
635.71151764,0.00552590
635.87466835,0.00588109
636.03782538,0.00381453
636.20098870,0.00659895
636.36415832,0.00527068
636.52733424,0.00431011
636.69051645,0.00469438
636.85370496,0.00566153
637.01689976,0.00616668
637.18010084,0.00609416
637.34330821,0.00628718
637.50652187,0.00520518
637.66974180,0.00502884
637.83296801,0.00574011
637.99620050,0.00548371
638.15943927,0.00610894
638.32268430,0.00467481
638.48593561,0.00439715
638.64919318,0.00455268
638.81245702,0.00538503
638.97572712,0.00534947
639.13900348,0.00461726
639.30228609,0.00554095
639.46557497,0.00537732
639.62887010,0.00514283
639.79217147,0.00485170
639.95547910,0.00340195
640.11879297,0.00399929
640.28211309,0.00706179
640.44543945,0.00552570
640.60877205,0.00548377
640.77211089,0.00611643
640.93545596,0.00516315
641.09880726,0.00510860
641.26216480,0.00632325
641.42552856,0.00411295
641.58889855,0.00391436
641.75227476,0.00423332
641.91565719,0.00287636
642.07904584,0.00460394
642.24244071,0.00459637
642.40584179,0.00489386
642.56924909,0.00483725
642.73266259,0.00517906
642.89608230,0.00336624
643.05950822,0.00371481
643.22294034,0.00381460
643.38637866,0.00425502
643.54982317,0.00474498
643.71327389,0.00255059
643.87673080,0.00422633
644.04019389,0.00573303
644.20366318,0.00803462
644.36713865,0.00720956
644.53062031,0.00746701
644.69410815,0.00656379
644.85760217,0.00593087
645.02110237,0.00507857
645.18460874,0.00479415
645.34812129,0.00414766
645.51164000,0.00463744
645.67516489,0.00524906
645.83869594,0.00526338
646.00223315,0.00502183
646.16577653,0.00412013
646.32932606,0.00424140
646.49288175,0.00311080
646.65644360,0.00301211
646.82001159,0.00571100
646.98358574,0.00391419
647.14716604,0.00512765
647.31075248,0.00510021
647.47434506,0.00371523
647.63794378,0.00230195
647.80154864,0.00236519
647.96515964,0.00344456
648.12877677,0.00453909
648.29240004,0.00548377
648.45602943,0.00485845
648.61966495,0.00328162
648.78330659,0.00440313
648.94695435,0.00338111
649.11060824,0.00504378
649.27426824,0.00376519
649.43793436,0.00512713
649.60160659,0.00356633
649.76528493,0.00335185
649.92896938,0.00436166
650.09265994,0.00384276
650.25635660,0.00462410
650.42005936,0.00446766
650.58376822,0.00296850
650.74748318,0.00546880
650.91120423,0.00316116
651.07493138,0.00510729
651.23866461,0.00478764
651.40240393,0.00428966
651.56614934,0.00404827
651.72990083,0.00197439
651.89365840,0.00377160
652.05742205,0.00306217
652.22119178,0.00409829
652.38496758,0.00372228
652.54874945,0.00338074
652.71253739,0.00561947
652.87633140,0.00397831
653.04013147,0.00296798
653.20393760,0.00492296
653.36774980,0.00696109
653.53156805,0.00359380
653.69539236,0.00313913
653.85922272,0.00318075
654.02305913,0.00427065
654.18690159,0.00550576
654.35075010,0.00466001
654.51460465,0.00281223
654.67846524,0.00417025
654.84233187,0.00408371
655.00620454,0.00658531
655.17008325,0.01004474
655.33396798,0.01003135
655.49785875,0.00683304
655.66175554,0.00473753
655.82565836,0.00561129
655.98956720,0.00587511
656.15348207,0.00448289
656.31740295,0.00619455
656.48132985,0.00539124
656.64526276,0.00503590
656.80920168,0.00522116
656.97314662,0.00517108
657.13709756,0.00604552
657.30105451,0.00534859
657.46501745,0.00431179
657.62898640,0.00491538
657.79296135,0.00506398
657.95694229,0.00713941
658.12092922,0.00512129
658.28492215,0.00499292
658.44892107,0.00507904
658.61292597,0.00499349
658.77693685,0.00600892
658.94095372,0.00444633
659.10497657,0.00548382
659.26900539,0.00465252
659.43304019,0.00445359
659.59708096,0.00409904
659.76112770,0.00517851
659.92518041,0.00530639
660.08923909,0.00545549
660.25330373,0.00543366
660.41737433,0.00361524
660.58145089,0.00343786
660.74553340,0.00588205
660.90962187,0.00594500
661.07371629,0.00473095
661.23781666,0.00707554
661.40192298,0.00594556
661.56603524,0.00402705
661.73015345,0.00535555
661.89427760,0.00487976
662.05840768,0.00337408
662.22254370,0.00378641
662.38668565,0.00343029
662.55083354,0.00495838
662.71498735,0.00519951
662.87914709,0.00334512
663.04331276,0.00372921
663.20748434,0.00200858
663.37166185,0.00435370
663.53584527,0.00568264
663.70003461,0.00263436
663.86422986,0.00396273
664.02843102,0.00209498
664.19263809,0.00367838
664.35685107,0.00394231
664.52106995,0.00428351
664.68529473,0.00323208
664.84952541,0.00370863
665.01376199,0.00586737
665.17800446,0.00492996
665.34225282,0.00509969
665.50650707,0.00547675
665.67076721,0.00706096
665.83503324,0.00748046
665.99930514,0.00584561
666.16358293,0.00682811
666.32786660,0.01483279
666.49215614,0.02426921
666.65645156,0.02816903
666.82075285,0.02124917
666.98506000,0.01531048
667.14937303,0.01382449
667.31369191,0.01174255
667.47801666,0.01106093
667.64234727,0.01052108
667.80668374,0.00956894
667.97102606,0.00799936
668.13537424,0.00785733
668.29972826,0.00824062
668.46408814,0.00760127
668.62845386,0.00667710
668.79282542,0.00134232
668.95720283,0.00517871
669.12158607,0.00488697
669.28597515,0.00710426
669.45037007,0.00442531
669.61477082,0.00627309
669.77917740,0.00525626
669.94358980,0.00554070
670.10800803,0.00505748
670.27243209,0.00399177
670.43686196,0.00594547
670.60129765,0.00472324
670.76573916,0.00495849
670.93018649,0.00400605
671.09463962,0.00541281
671.25909856,0.00446738
671.42356331,0.00375014
671.58803387,0.00473813
671.75251023,0.00492262
671.91699238,0.00440354
672.08148034,0.00367199
672.24597409,0.00365794
672.41047363,0.00433940
672.57497897,0.00323866
672.73949009,0.00468817
672.90400700,0.00428972
673.06852969,0.00370765
673.23305817,0.00525664
673.39759242,0.00576022
673.56213245,0.00370034
673.72667826,0.00718884
673.89122984,0.00568971
674.05578718,0.00712504
674.22035030,0.00662771
674.38491918,0.00558309
674.54949383,0.00576850
674.71407423,0.00660633
674.87866039,0.00493606
675.04325231,0.00474571
675.20784999,0.00563361
675.37245341,0.00525732
675.53706259,0.00523496
675.70167751,0.00652812
675.86629818,0.00556190
676.03092459,0.00546199
676.19555674,0.00601008
676.36019462,0.00505806
676.52483825,0.00529944
676.68948760,0.00602317
676.85414269,0.00387077
677.01880351,0.00355206
677.18347005,0.00653457
677.34814231,0.00581047
677.51282030,0.00534882
677.67750401,0.00448250
677.84219343,0.00542637
678.00688857,0.00561875
678.17158942,0.00554041
678.33629599,0.00415589
678.50100826,0.00598027
678.66572623,0.00534132
678.83044991,0.00383682
678.99517929,0.00609482
679.15991437,0.00469498
679.32465514,0.00490833
679.48940161,0.00401924
679.65415378,0.00404117
679.81891163,0.00518582
679.98367516,0.00326006
680.14844439,0.00530587
680.31321929,0.00539941
680.47799988,0.00473072
680.64278614,0.00483727
680.80757808,0.00298270
680.97237569,0.00635795
681.13717898,0.00370035
681.30198793,0.00410659
681.46680255,0.00492154
681.63162283,0.00417596
681.79644878,0.00529174
681.96128038,0.00335259
682.12611765,0.00619383
682.29096056,0.00316785
682.45580913,0.00480950
682.62066335,0.00443954
682.78552322,0.00376481
682.95038874,0.00424093
683.11525989,0.00360860
683.28013669,0.00495132
683.44501913,0.00459754
683.60990720,0.00312580
683.77480091,0.00417586
683.93970025,0.00429067
684.10460522,0.00576060
684.26951582,0.00291919
684.43443205,0.00517213
684.59935389,0.00429790
684.76428136,0.00437577
684.92921444,0.00291938
685.09415314,0.00521410
685.25909746,0.00413447
685.42404738,0.00428978
685.58900291,0.00386365
685.75396405,0.00564760
685.91893080,0.00816127
686.08390315,0.00804860
686.24888109,0.00573929
686.41386464,0.00549857
686.57885378,0.00408390
686.74384851,0.00372904
686.90884883,0.00567584
687.07385474,0.00341661
687.23886624,0.00457457
687.40388332,0.00467390
687.56890598,0.00460981
687.73393423,0.00321022
687.89896804,0.00230776
688.06400744,0.00346607
688.22905240,0.00421283
688.39410293,0.00286237
688.55915904,0.00541281
688.72422070,0.00365141
688.88928793,0.00499949
689.05436072,0.00315405
689.21943907,0.00340940
689.38452298,0.00420410
689.54961244,0.00409137
689.71470745,0.00406217
689.87980801,0.00309001
690.04491411,0.00336616
690.21002576,0.00191884
690.37514296,0.00404850
690.54026569,0.00283321
690.70539396,0.00269858
690.87052777,0.00341679
691.03566711,0.00363615
691.20081198,0.00473778
691.36596237,0.00406294
691.53111830,0.00418409
691.69627975,0.00324606
691.86144672,0.00327431
692.02661920,0.00485854
692.19179721,0.00506519
692.35698073,0.00503643
692.52216976,0.00642935
692.68736431,0.00771494
692.85256436,0.00571120
693.01776991,0.00387192
693.18298097,0.00473121
693.34819753,0.00347999
693.51341959,0.00464473
693.67864714,0.00458170
693.84388019,0.00406306
694.00911873,0.00454545
694.17436276,0.00348125
694.33961228,0.00545571
694.50486728,0.00399195
694.67012776,0.00380043
694.83539372,0.00477364
695.00066517,0.00514266
695.16594208,0.01083332
695.33122447,0.02154695
695.49651233,0.02364458
695.66180566,0.01649590
695.82710446,0.01189839
695.99240872,0.00912785
696.15771844,0.00862447
696.32303362,0.00650727
696.48835426,0.00760828
696.65368035,0.00878001
696.81901189,0.00669178
696.98434889,0.00669854
697.14969133,0.00432452
697.31503922,0.00484548
697.48039255,0.00495233
697.64575132,0.00546957
697.81111554,0.00393603
697.97648518,0.00557671
698.14186027,0.00441815
698.30724078,0.00547638
698.47262672,0.00410622
698.63801809,0.00402113
698.80341489,0.00425413
698.96881710,0.00591077
699.13422474,0.00437626
699.29963780,0.00630779
699.46505627,0.00456093
699.63048015,0.00493712
699.79590945,0.00502878
699.96134416,0.00377273
700.12678427,0.00486563
700.29222978,0.00620210
700.45768070,0.00328075
700.62313702,0.00563374
700.78859873,0.00556856
700.95406584,0.00516391
701.11953834,0.00319678
701.28501623,0.00551873
701.45049951,0.00413407
701.61598818,0.00768675
701.78148223,0.00571815
701.94698166,0.00615075
702.11248646,0.00602343
702.27799665,0.00644312
702.44351221,0.00621518
702.60903314,0.00736677
702.77455944,0.00600194
702.94009111,0.00573864
703.10562814,0.00635717
703.27117054,0.00542718
703.43671830,0.00546282
703.60227141,0.00626503
703.76782988,0.00773590
703.93339371,0.00938396
704.09896288,0.01125970
704.26453741,0.00977454
704.43011728,0.01049295
704.59570249,0.01221902
704.76129305,0.01639033
704.92688895,0.04070164
705.09249018,0.13472509
705.25809675,0.21136619
705.42370865,0.19187713
705.58932588,0.12617902
705.75494844,0.09334752
705.92057633,0.06946276
706.08620954,0.05606252
706.25184807,0.04928387
706.41749192,0.04244311
706.58314109,0.03790328
706.74879557,0.03363279
706.91445537,0.02920620
707.08012047,0.02722461
707.24579088,0.02459510
707.41146660,0.02251437
707.57714762,0.02052471
707.74283394,0.01685854
707.90852555,0.01461380
708.07422247,0.01296473
708.23992468,0.01305030
708.40563217,0.01189951
708.57134496,0.00802744
708.73706304,0.00668464
708.90278640,0.00701905
709.06851504,0.00469609
709.23424896,0.00310453
709.39998816,0.00478753
709.56573263,0.00398508
709.73148238,0.00378698
709.89723740,0.00563416
710.06299768,0.00387093
710.22876324,0.00291210
710.39453405,0.00392031
710.56031013,0.00524869
710.72609146,0.00442520
710.89187806,0.00317443
711.05766991,0.00365073
711.22346701,0.00479453
711.38926936,0.00545505
711.55507695,0.00416237
711.72088980,0.00502137
711.88670788,0.00409863
712.05253121,0.00388540
712.21835978,0.00309724
712.38419358,0.00421126
712.55003261,0.00494400
712.71587688,0.00393427
712.88172638,0.00301806
713.04758110,0.00334530
713.21344105,0.00455926
713.37930622,0.00770083
713.54517661,0.00810524
713.71105221,0.00832641
713.87693304,0.00520685
714.04281907,0.00559749
714.20871032,0.00512893
714.37460678,0.00574688
714.54050844,0.00654215
714.70641530,0.00619451
714.87232737,0.00610241
715.03824464,0.00539765
715.20416710,0.00596616
715.37009476,0.00426860
715.53602761,0.00460282
715.70196565,0.00516413
715.86790888,0.00470184
716.03385729,0.00404164
716.19981089,0.00311806
716.36576967,0.00467994
716.53173363,0.00326024
716.69770276,0.00417656
716.86367707,0.00544167
717.02965654,0.00437582
717.19564119,0.00364309
717.36163101,0.00340872
717.52762599,0.00272730
717.69362613,0.00198762
717.85963143,0.00370694
718.02564189,0.00379285
718.19165751,0.00387081
718.35767828,0.00490908
718.52370420,0.00445963
718.68973527,0.00367935
718.85577149,0.00422692
719.02181285,0.00266907
719.18785935,0.00400671
719.35391099,0.00502234
719.51996777,0.00343770
719.68602968,0.00358033
719.85209673,0.00610093
720.01816890,0.00384278
720.18424620,0.00438225
720.35032863,0.00434680
720.51641619,0.00292524
720.68250886,0.00404813
720.84860665,0.00483063
721.01470956,0.00419810
721.18081759,0.00287630
721.34693072,0.00515019
721.51304897,0.00545456
721.67917232,0.00324563
721.84530078,0.00404169
722.01143433,0.00347949
722.17757299,0.00529312
722.34371675,0.00427560
722.50986561,0.00450274
722.67601955,0.00436835
722.84217859,0.00487287
723.00834272,0.00494510
723.17451193,0.00252851
723.34068623,0.00495776
723.50686561,0.00536955
723.67305007,0.00463091
723.83923961,0.00592423
724.00543422,0.00536283
724.17163390,0.00750221
724.33783866,0.00451087
724.50404848,0.00568284
724.67026337,0.00607997
724.83648332,0.00681250
725.00270834,0.00522116
725.16893841,0.00466717
725.33517354,0.00547006
725.50141372,0.00740255
725.66765896,0.00558321
725.83390924,0.00925679
726.00016458,0.01093974
726.16642496,0.01178595
726.33269038,0.00928448
726.49896084,0.01070521
726.66523634,0.01396727
726.83151687,0.02643616
726.99780244,0.02981772
727.16409304,0.02642148
727.33038867,0.01935993
727.49668933,0.01557328
727.66299501,0.01246698
727.82930571,0.01096828
727.99562143,0.00948324
728.16194217,0.00952052
728.32826793,0.00862450
728.49459869,0.00704733
728.66093447,0.00618005
728.82727526,0.00620937
728.99362105,0.00712447
729.15997185,0.00649248
729.32632765,0.00498682
729.49268844,0.00561920
729.65905424,0.00578239
729.82542503,0.00581094
729.99180081,0.00474520
730.15818158,0.00656284
730.32456733,0.00485894
730.49095808,0.00360198
730.65735380,0.00334537
730.82375451,0.00581807
730.99016020,0.00534182
731.15657086,0.00413308
731.32298649,0.00263424
731.48940710,0.00452504
731.65583267,0.00529976
731.82226322,0.00220840
731.98869872,0.00399244
732.15513919,0.00369383
732.32158462,0.00379953
732.48803501,0.00390685
732.65449035,0.00493612
732.82095065,0.00578912
732.98741589,0.00397005
733.15388609,0.00394284
733.32036123,0.00500802
733.48684131,0.00671300
733.65332634,0.00419708
733.81981631,0.00681891
733.98631121,0.00462399
734.15281105,0.00424823
734.31931581,0.00544124
734.48582551,0.00536483
734.65234014,0.00381995
734.81885969,0.00546247
734.98538417,0.00582403
735.15191357,0.00469599
735.31844788,0.00451758
735.48498711,0.00494375
735.65153126,0.00620859
735.81808031,0.00573333
735.98463428,0.00877338
736.15119315,0.00799924
736.31775693,0.00732483
736.48432561,0.00613767
736.65089919,0.00620110
736.81747767,0.00624398
736.98406105,0.01397442
737.15064931,0.03624066
737.31724247,0.04132037
737.48384052,0.02941288
737.65044345,0.02186722
737.81705127,0.01634670
737.98366397,0.01426517
738.15028154,0.01312845
738.31690400,0.01000257
738.48353133,0.01131675
738.65016353,0.00956868
738.81680060,0.01054889
738.98344255,0.00998257
739.15008935,0.00693277
739.31674102,0.00720981
739.48339755,0.00574009
739.65005894,0.00725963
739.81672519,0.00501525
739.98339629,0.00509389
740.15007224,0.00605873
740.31675304,0.00412698
740.48343869,0.00654965
740.65012918,0.00321040
740.81682452,0.00405608
740.98352469,0.00448202
741.15022971,0.00384596
741.31693956,0.00505135
741.48365424,0.00433291
741.65037375,0.00515671
741.81709810,0.00431859
741.98382727,0.00377151
742.15056126,0.00452439
742.31730007,0.00561927
742.48404371,0.00468172
742.65079216,0.00392004
742.81754543,0.00440368
742.98430351,0.00569721
743.15106640,0.00482936
743.31783410,0.00452447
743.48460660,0.00498001
743.65138391,0.00407822
743.81816602,0.00490883
743.98495293,0.00628748
744.15174463,0.00572577
744.31854113,0.00533532
744.48534242,0.00517175
744.65214850,0.00415591
744.81895937,0.00805615
744.98577502,0.00601761
745.15259545,0.00504345
745.31942067,0.00683419
745.48625066,0.00583920
745.65308543,0.00608027
745.81992498,0.00765037
745.98676929,0.00633671
746.15361837,0.00842575
746.32047222,0.00687717
746.48733084,0.00575354
746.65419421,0.01134578
746.82106235,0.00860967
746.98793524,0.00911554
747.15481289,0.01009530
747.32169529,0.00952572
747.48858245,0.01049277
747.65547435,0.00924957
747.82237099,0.01238954
747.98927238,0.01304348
748.15617851,0.01484915
748.32308938,0.02080204
748.49000499,0.02380026
748.65692533,0.03909024
748.82385041,0.14550434
748.99078021,0.50109079
749.15771474,0.66163039
749.32465400,0.47507253
749.49159798,0.33571236
749.65854667,0.26145464
749.82550009,0.21256551
749.99245823,0.21559299
750.15942107,0.24517695
750.32638863,0.21488264
750.49336090,0.16342319
750.66033788,0.13787395
750.82731956,0.11725558
750.99430594,0.10307513
751.16129702,0.09052027
751.32829280,0.07589922
751.49529327,0.06700363
751.66229844,0.05577065
751.82930830,0.05215436
751.99632284,0.04602389
752.16334208,0.04069479
752.33036599,0.03579205
752.49739459,0.02886470
752.66442787,0.02191005
752.83146582,0.01832269
752.99850845,0.01382533
753.16555575,0.01300062
753.33260772,0.00924980
753.49966436,0.00976016
753.66672566,0.00771467
753.83379163,0.00617223
754.00086226,0.00585320
754.16793754,0.00448920
754.33501749,0.00590387
754.50210208,0.00444621
754.66919133,0.00666320
754.83628523,0.00447501
755.00338377,0.00495798
755.17048696,0.00547775
755.33759479,0.00373625
755.50470726,0.00396333
755.67182437,0.00486513
755.83894612,0.00346606
756.00607249,0.00466772
756.17320350,0.00488744
756.34033914,0.00509378
756.50747940,0.00432606
756.67462429,0.00493688
756.84177380,0.00484456
757.00892792,0.00450311
757.17608667,0.00475824
757.34325003,0.00630782
757.51041800,0.00459577
757.67759058,0.00673439
757.84476777,0.00468707
758.01194957,0.00539843
758.17913597,0.00621590
758.34632697,0.00556236
758.51352257,0.00532816
758.68072276,0.00534847
758.84792755,0.00642220
759.01513693,0.01351998
759.18235090,0.00829106
759.34956946,0.00832622
759.51679260,0.00689781
759.68402033,0.00744505
759.85125263,0.00826180
760.01848951,0.00783585
760.18573097,0.00534861
760.35297700,0.00683398
760.52022761,0.00713287
760.68748278,0.00551203
760.85474252,0.00721053
761.02200682,0.00733050
761.18927568,0.00823361
761.35654910,0.01020191
761.52382709,0.00679866
761.69110962,0.00867249
761.85839671,0.01514583
762.02568835,0.04580370
762.19298453,0.12308136
762.36028526,0.14463014
762.52759054,0.10085102
762.69490036,0.07656058
762.86221471,0.06227808
763.02953360,0.04931284
763.19685703,0.04183163
763.36418499,0.03486205
763.53151748,0.02860341
763.69885449,0.02695416
763.86619603,0.02274157
764.03354209,0.02215885
764.20089267,0.01927433
764.36824778,0.01679446
764.53560739,0.01837896
764.70297152,0.01476957
764.87034016,0.01410815
765.03771331,0.01301569
765.20509097,0.01091877
765.37247313,0.01116128
765.53985980,0.00860279
765.70725096,0.00929912
765.87464662,0.00618095
766.04204677,0.00619511
766.20945142,0.00675661
766.37686056,0.00505005
766.54427419,0.00658534
766.71169230,0.00419809
766.87911489,0.00601651
767.04654197,0.00597461
767.21397353,0.00516436
767.38140956,0.00382068
767.54885007,0.00425493
767.71629505,0.00567593
767.88374450,0.00391403
768.05119841,0.00646479
768.21865679,0.00349389
768.38611964,0.00492998
768.55358694,0.00473852
768.72105871,0.01233368
768.88853493,0.00569662
769.05601560,0.00696853
769.22350072,0.00635087
769.39099030,0.00512866
769.55848432,0.00409927
769.72598278,0.00773640
769.89348569,0.00482327
770.06099303,0.00629412
770.22850482,0.00694732
770.39602104,0.00773642
770.56354169,0.00655639
770.73106677,0.00792080
770.89859628,0.01502583
771.06613022,0.04298969
771.23366858,0.06153953
771.40121136,0.05153646
771.56875856,0.03874114
771.73631018,0.03162980
771.90386622,0.02739485
772.07142666,0.02096518
772.23899151,0.01828664
772.40656078,0.01680999
772.57413445,0.01562868
772.74171252,0.01670976
772.90929499,0.01386097
773.07688186,0.01240405
773.24447312,0.01179979
773.41206878,0.01210578
773.57966883,0.01177221
773.74727327,0.01099652
773.91488210,0.01200614
774.08249531,0.01222704
774.25011291,0.01140212
774.41773488,0.01007411
774.58536123,0.01092675
774.75299196,0.01085506
774.92062706,0.01169419
775.08826653,0.01140969
775.25591037,0.01427329
775.42355858,0.02142646
775.59121115,0.03888335
775.75886808,0.16211553
775.92652937,0.55743867
776.09419502,0.93588794
776.26186502,0.99388393
776.42953938,0.96830778
776.59721808,0.70822227
776.76490113,0.54238329
776.93258853,0.43704741
777.10028027,0.34551068
777.26797635,0.27940899
777.43567678,0.23313481
777.60338153,0.19755408
777.77109062,0.17535155
777.93880405,0.15780287
778.10652180,0.13844316
778.27424388,0.12129936
778.44197028,0.10929846
778.60970101,0.09430058
778.77743605,0.08409907
778.94517542,0.07592814
779.11291910,0.06870950
779.28066709,0.06132727
779.44841939,0.04942731
779.61617601,0.04229464
779.78393693,0.03094774
779.95170215,0.02309685
780.11947167,0.01908969
780.28724550,0.01233956
780.45502362,0.01020842
780.62280604,0.00979052
780.79059274,0.00842573
780.95838374,0.00609498
781.12617903,0.00767912
781.29397860,0.00698957
781.46178246,0.00552547
781.62959060,0.00568261
781.79740301,0.00620875
781.96521970,0.00581778
782.13304067,0.00439636
782.30086591,0.00443263
782.46869542,0.00597423
782.63652919,0.00366604
782.80436723,0.00403497
782.97220953,0.00602465
783.14005610,0.00428205
783.30790692,0.00419052
783.47576199,0.00321776
783.64362132,0.00427615
783.81148490,0.00361540
783.97935273,0.00308965
784.14722481,0.00330315
784.31510113,0.00438330
784.48298169,0.00240762
784.65086650,0.00393588
784.81875553,0.00339464
784.98664881,0.00507848
785.15454632,0.00446768
785.32244805,0.00292624
785.49035402,0.00266997
785.65826421,0.00366490
785.82617863,0.00424790
785.99409726,0.00448924
786.16202012,0.00379283
786.32994719,0.00376461
786.49787847,0.00333830
786.66581397,0.00408511
786.83375368,0.00403460
787.00169759,0.00413287
787.16964571,0.00338155
787.33759804,0.00312458
787.50555456,0.00541244
787.67351528,0.00427577
787.84148020,0.00503596
788.00944931,0.00568276
788.17742261,0.00446945
788.34540010,0.00444638
788.51338178,0.00470908
788.68136764,0.00274841
788.84935769,0.00242896
789.01735191,0.00446814
789.18535031,0.00476641
789.35335289,0.00376405
789.52135964,0.00290620
789.68937056,0.00382834
789.85738565,0.00171078
790.02540490,0.00356507
790.19342832,0.00437555
790.36145590,0.00415515
790.52948764,0.00402721
790.69752353,0.00289032
790.86556358,0.00473192
791.03360778,0.00437498
791.20165614,0.00375082
791.36970864,0.00369372
791.53776528,0.00347939
791.70582607,0.00122047
791.87389100,0.00288371
792.04196006,0.00396351
792.21003326,0.00310488
792.37811060,0.00258492
792.54619207,0.00355888
792.71427766,0.00458160
792.88236739,0.00404170
793.05046124,0.00445388
793.21855921,0.01360496
793.38666130,0.04560410
793.55476750,0.07435730
793.72287783,0.06544881
793.89099226,0.04911312
794.05911081,0.03649632
794.22723347,0.03041457
794.39536023,0.02495211
794.56349109,0.02047466
794.73162606,0.01629142
794.89976513,0.01371762
795.06790829,0.01257458
795.23605555,0.01256775
795.40420690,0.01033651
795.57236234,0.00903605
795.74052186,0.00767183
795.90868548,0.00726025
796.07685317,0.00717518
796.24502495,0.00681201
796.41320081,0.00777950
796.58138074,0.00642841
796.74956474,0.00833324
796.91775282,0.00633739
797.08594497,0.00689799
797.25414118,0.00485887
797.42234146,0.00456661
797.59054580,0.00432555
797.75875420,0.00310381
797.92696666,0.00327332
798.09518317,0.00388474
798.26340374,0.00441911
798.43162836,0.00321731
798.59985703,0.00341602
798.76808974,0.00473117
798.93632650,0.00590297
799.10456729,0.00975378
799.27281213,0.01809501
799.44106101,0.02405516
799.60931392,0.01872811
799.77757086,0.01484784
799.94583183,0.01967935
800.11409683,0.04080204
800.28236586,0.05301417
800.45063891,0.04431756
800.61891598,0.03143082
800.78719707,0.02588198
800.95548217,0.02080185
801.12377129,0.01855653
801.29206442,0.01607717
801.46036156,0.01264578
801.62866271,0.01020812
801.79696786,0.01072681
801.96527702,0.00998908
802.13359017,0.00963947
802.30190733,0.00857428
802.47022848,0.00680543
802.63855362,0.00786388
802.80688275,0.00579689
802.97521587,0.00794919
803.14355298,0.00539851
803.31189408,0.00649953
803.48023915,0.00570481
803.64858820,0.00525752
803.81694124,0.00344488
803.98529824,0.00623663
804.15365922,0.00608125
804.32202417,0.00414044
804.49039309,0.00540490
804.65876597,0.00433962
804.82714282,0.00387821
804.99552362,0.00328856
805.16390839,0.00272715
805.33229711,0.00354393
805.50068979,0.00358689
805.66908642,0.00414067
805.83748700,0.00230196
806.00589153,0.00446142
806.17430000,0.00508611
806.34271241,0.00532950
806.51112876,0.00270573
806.67954906,0.00326724
806.84797329,0.00497908
807.01640145,0.00365784
807.18483354,0.00428358
807.35326956,0.00281927
807.52170951,0.00268405
807.69015338,0.00406937
807.85860118,0.00530618
808.02705289,0.00411267
808.19550852,0.00389912
808.36396807,0.00524307
808.53243153,0.00388505
808.70089890,0.00724542
808.86937018,0.02078767
809.03784536,0.06665517
809.20632445,0.09228982
809.37480744,0.08043863
809.54329433,0.06017595
809.71178511,0.04893600
809.88027979,0.04679795
810.04877837,0.10075806
810.21728083,0.27702807
810.38578718,0.37927912
810.55429741,0.30334402
810.72281153,0.22437444
810.89132952,0.17587104
811.05985140,0.14725845
811.22837715,0.12386979
811.39690678,0.10083691
811.56544027,0.08071677
811.73397764,0.06887260
811.90251887,0.06026758
812.07106397,0.05224806
812.23961293,0.04528480
812.40816575,0.04331689
812.57672242,0.03621209
812.74528296,0.03068501
812.91384734,0.02686269
813.08241558,0.02335231
813.25098766,0.02036829
813.41956359,0.01760412
813.58814336,0.01705043
813.75672698,0.01430090
813.92531443,0.01258129
814.09390572,0.00691201
814.26250085,0.00652793
814.43109981,0.00683421
814.59970260,0.00559761
814.76830921,0.00365063
814.93691965,0.00425487
815.10553392,0.00358779
815.27415200,0.00299685
815.44277390,0.00524997
815.61139962,0.00421836
815.78002916,0.00263520
815.94866250,0.00245030
816.11729965,0.00263568
816.28594062,0.00347254
816.45458538,0.00183326
816.62323395,0.00271181
816.79188632,0.00266965
816.96054248,0.00098030
817.12920244,0.00361567
817.29786620,0.00312453
817.46653374,0.00315269
817.63520508,0.00166839
817.80388019,0.00221556
817.97255910,0.00400519
818.14124178,0.00274178
818.30992825,0.00370735
818.47861849,0.00303993
818.64731251,0.00455316
818.81601029,0.00355118
818.98471185,0.00418387
819.15341718,0.00169709
819.32212627,0.00287649
819.49083913,0.00422568
819.65955574,0.00226683
819.82827612,0.00301790
819.99700025,0.00280535
820.16572813,0.00227939
820.33445977,0.00207409
820.50319516,0.00083098
820.67193429,0.00328113
820.84067717,0.00468864
821.00942379,0.00444669
821.17817415,0.00340292
821.34692825,0.00399279
821.51568608,0.00398505
821.68444765,0.00345158
821.85321295,0.00507153
822.02198198,0.00588913
822.19075473,0.00441052
822.35953121,0.00521977
822.52831141,0.00421195
822.69709533,0.00393404
822.86588296,0.00357302
823.03467431,0.00302549
823.20346938,0.00385040
823.37226815,0.00222275
823.54107063,0.00342335
823.70987682,0.00384911
823.87868671,0.00224479
824.04750030,0.00362189
824.21631760,0.00165445
824.38513858,0.00372914
824.55396326,0.00382146
824.72279164,0.00262007
824.89162370,0.00470922
825.06045945,0.01076254
825.22929888,0.02715989
825.39814200,0.03130262
825.56698880,0.02686171
825.73583928,0.02228730
825.90469343,0.01521039
826.07355125,0.01505397
826.24241275,0.01219118
826.41127792,0.00982458
826.58014675,0.00853165
826.74901924,0.00863237
826.91789540,0.00654265
827.08677522,0.00858147
827.25565869,0.00557693
827.42454582,0.00517930
827.59343661,0.00818975
827.76233104,0.00520570
827.93122912,0.00443213
828.10013085,0.00419767
828.26903622,0.00335946
828.43794523,0.00389294
828.60685788,0.00326652
828.77577417,0.00384251
828.94469409,0.00293990
829.11361765,0.00237227
829.28254483,0.00421201
829.45147564,0.00264205
829.62041008,0.00380023
829.78934814,0.00430436
829.95828981,0.00266303
830.12723511,0.00453927
830.29618403,0.00211687
830.46513655,0.00180323
830.63409269,0.00248547
830.80305244,0.00335980
830.97201579,0.00332341
831.14098275,0.00156089
831.30995331,0.00152673
831.47892747,0.00257807
831.64790523,0.00301193
831.81688659,0.00158431
831.98587153,0.00193151
832.15486007,0.00154784
832.32385219,0.00267041
832.49284790,0.00321013
832.66184720,0.00313259
832.83085008,0.00080217
832.99985653,0.00416952
833.16886656,0.00144855
833.33788017,0.00301069
833.50689735,0.00264250
833.67591810,0.00174746
833.84494241,0.00085849
834.01397029,0.00295550
834.18300174,0.00175375
834.35203674,0.00229497
834.52107531,0.00370829
834.69011743,0.00225848
834.85916310,0.00168313
835.02821232,0.00252887
835.19726510,0.00192363
835.36632142,0.00296150
835.53538129,0.00114342
835.70444469,0.00296920
835.87351164,0.00272110
836.04258213,0.00306764
836.21165615,0.00235064
836.38073370,0.00164030
836.54981478,0.00401959
836.71889940,0.00228730
836.88798754,0.00148431
837.05707920,0.00296796
837.22617438,0.00156198
837.39527309,0.00186769
837.56437531,0.00176878
837.73348104,0.00318895
837.90259029,0.00506453
838.07170305,0.00272034
838.24081932,0.00286207
838.40993909,0.00344461
838.57906236,0.00239335
838.74818914,0.00266551
838.91731941,0.00389152
839.08645318,0.00581140
839.25559044,0.00918589
839.42473120,0.03366163
839.59387544,0.05884140
839.76302317,0.05447097
839.93217439,0.04158263
840.10132909,0.03268005
840.27048727,0.02621583
840.43964893,0.02332429
840.60881406,0.02212213
840.77798266,0.02009733
840.94715474,0.02896498
841.11633029,0.06306733
841.28550930,0.08607228
841.45469177,0.07202786
841.62387771,0.05634668
841.79306711,0.04551916
841.96225996,0.03698688
842.13145627,0.03358327
842.30065603,0.02738785
842.46985924,0.02402796
842.63906590,0.02320342
842.80827600,0.02254088
842.97748955,0.02911425
843.14670654,0.09552249
843.31592697,0.31626777
843.48515083,0.46794015
843.65437813,0.40433799
843.82360886,0.30107851
843.99284302,0.23718499
844.16208061,0.18980921
844.33132162,0.16407628
844.50056605,0.13650332
844.66981391,0.10904276
844.83906518,0.09162239
845.00831987,0.07508918
845.17757797,0.06540572
845.34683948,0.05756881
845.51610441,0.04925670
845.68537273,0.04044634
845.85464447,0.03581431
846.02391960,0.03231946
846.19319813,0.02710406
846.36248006,0.02593086
846.53176539,0.02379315
846.70105411,0.02099374
846.87034622,0.01989943
847.03964172,0.01436505
847.20894060,0.01091834
847.37824286,0.00910080
847.54754851,0.00699007
847.71685754,0.00763011
847.88616994,0.00485923
848.05548572,0.00427536
848.22480487,0.00414840
848.39412739,0.00323869
848.56345327,0.00490930
848.73278252,0.00461793
848.90211514,0.00209421
849.07145111,0.00363619
849.24079044,0.00176091
849.41013313,0.00348828
849.57947917,0.00461752
849.74882857,0.00235071
849.91818131,0.00312475
850.08753740,0.00319596
850.25689683,0.00223050
850.42625961,0.00417696
850.59562572,0.00446771
850.76499517,0.01986352
850.93436796,0.03805210
851.10374408,0.03667390
851.27312353,0.02755113
851.44250631,0.02317508
851.61189242,0.01720585
851.78128184,0.01634718
851.95067459,0.01257407
852.12007066,0.01171498
852.28947005,0.00865915
852.45887275,0.00853188
852.62827876,0.00642926
852.79768808,0.00733888
852.96710071,0.00633709
853.13651665,0.00659190
853.30593588,0.00603155
853.47535842,0.00435406
853.64478426,0.00447491
853.81421339,0.00523445
853.98364582,0.00294798
854.15308154,0.00346589
854.32252054,0.00328063
854.49196284,0.00360072
854.66140842,0.00402768
854.83085728,0.00221550
855.00030942,0.00201696
855.16976483,0.00237952
855.33922353,0.00297529
855.50868549,0.00321744
855.67815073,0.00146353
855.84761924,0.00021262
856.01709101,0.00125081
856.18656604,0.00292581
856.35604434,0.00198738
856.52552589,0.00257043
856.69501071,0.00278356
856.86449877,0.00169706
857.03399009,0.00211590
857.20348466,0.00272763
857.37298248,0.00096533
857.54248354,0.00082275
857.71198785,0.00190954
857.88149540,0.00212420
858.05100618,0.00194605
858.22052020,0.00266286
858.39003746,0.00199560
858.55955794,0.00276954
858.72908166,0.00225797
858.89860860,0.00197455
859.06813877,0.00273513
859.23767216,0.00286223
859.40720877,0.00208862
859.57674860,0.00183904
859.74629164,0.00222258
859.91583790,0.00311788
860.08538736,0.00195309
860.25494004,0.00264170
860.42449592,0.00125082
860.59405501,0.00357955
860.76361730,0.00370772
860.93318278,0.00242867
861.10275147,0.00471758
861.27232335,0.00343069
861.44189842,0.00199544
861.61147668,0.00173251
861.78105813,0.00366485
861.95064276,0.00299726
862.12023058,0.00195336
862.28982158,0.00249362
862.45941576,0.00248612
862.62901311,0.00314607
862.79861364,0.00321022
862.96821734,0.00317461
863.13782421,-0.00013600
863.30743424,0.00210183
863.47704745,-0.00037734
863.64666381,0.00249245
863.81628333,0.00154106
863.98590601,0.00339534
864.15553185,0.00257115
864.32516084,0.00250589
864.49479298,0.00407753
864.66442827,0.00326701
864.83406671,0.00188122
865.00370829,0.00328092
865.17335302,0.00434724
865.34300088,0.00379978
865.51265188,0.00669209
865.68230601,0.01006721
865.85196328,0.00821888
866.02162368,0.00914911
866.19128720,0.00624417
866.36095385,0.00545513
866.53062363,0.00549883
866.70029652,0.00510649
866.86997254,0.00302543
867.03965167,0.00449638
867.20933391,0.00273450
867.37901927,0.00419814
867.54870774,0.00382887
867.71839931,0.00336648
867.88809399,0.00377848
868.05779177,0.00350900
868.22749265,0.00225815
868.39719663,0.00536270
868.56690371,0.00381421
868.73661388,0.00252798
868.90632714,0.00454508
869.07604349,0.00125663
869.24576292,0.00302553
869.41548544,0.00377922
869.58521105,0.00331720
869.75493973,0.00252119
869.92467149,0.00182402
870.09440632,0.00235090
870.26414423,0.00175445
870.43388521,0.00398476
870.60362925,0.00184666
870.77337636,0.00488019
870.94312654,0.00313936
871.11287978,0.00264110
871.28263607,0.00439101
871.45239542,0.00262723
871.62215783,0.00360066
871.79192329,0.00188196
871.96169180,0.00149737
872.13146335,0.00392863
872.30123795,0.00275537
872.47101560,0.00289037
872.64079628,0.00135702
872.81058000,0.00203744
872.98036676,0.00189596
873.15015655,0.00164063
873.31994938,0.00292603
873.48974523,0.00123496
873.65954411,0.00200270
873.82934601,0.00405549
873.99915094,0.00082238
874.16895888,0.00058869
874.33876985,0.00196614
874.50858383,0.00144855
874.67840082,0.00102948
874.84822082,0.00320371
875.01804383,0.00336755
875.18786985,0.00029045
875.35769887,0.00220195
875.52753089,0.00125583
875.69736591,0.00203808
875.86720393,0.00383538
876.03704494,0.00166823
876.20688894,0.00240817
876.37673594,0.00030404
876.54658592,0.00077334
876.71643889,0.00134177
876.88629484,0.00207423
877.05615377,0.00205266
877.22601568,0.00274183
877.39588056,0.00328079
877.56574842,-0.00035609
877.73561925,0.00124309
877.90549305,0.00231411
878.07536982,0.00273405
878.24524955,0.00139965
878.41513224,0.00092403
878.58501790,0.00338089
878.75490651,0.00232985
878.92479807,0.00335970
879.09469259,0.00132761
879.26459007,0.00244304
879.43449048,0.00156221
879.60439385,0.00134927
879.77430016,0.00148364
879.94420941,0.00234378
880.11412160,-0.00064019
880.28403673,0.00137793
880.45395479,0.00173237
880.62387578,0.00392073
880.79379971,0.00855955
880.96372656,0.00619382
881.13365634,0.00676230
881.30358904,0.00549158
881.47352466,0.00615889
881.64346320,0.00473797
881.81340466,0.00376460
881.98334903,0.00230898
882.15329631,0.00243553
882.32324650,0.00088043
882.49319960,0.00504384
882.66315560,0.00446085
882.83311451,0.00414877
883.00307631,0.00403440
883.17304102,0.00424121
883.34300862,0.00198857
883.51297911,0.00293197
883.68295249,0.00274849
883.85292876,0.00260677
884.02290792,0.00266391
884.19288997,0.00312516
884.36287489,0.00357281
884.53286269,0.00279750
884.70285337,0.00387920
884.87284693,0.00274849
885.04284336,0.00195232
885.21284266,0.00237176
885.38284482,0.00274150
885.55284986,0.00203834
885.72285775,0.00093629
885.89286851,0.00405563
886.06288212,0.00196077
886.23289860,0.00297607
886.40291792,0.00337351
886.57294010,0.00367173
886.74296513,0.00336618
886.91299300,0.00400651
887.08302372,0.00203828
887.25305728,0.00205936
887.42309368,0.00279827
887.59313292,0.00331694
887.76317500,0.00397018
887.93321991,0.00245668
888.10326765,0.00325969
888.27331822,0.00286912
888.44337162,0.00399221
888.61342784,0.00322410
888.78348688,0.00303943
888.95354874,0.00277787
889.12361342,0.00253554
889.29368091,0.00269100
889.46375122,0.00196712
889.63382434,0.00151982
889.80390026,0.00414137
889.97397899,0.00404905
890.14406053,0.00161858
890.31414486,0.00242885
890.48423200,0.00183874
890.65432193,0.00188149
890.82441466,0.00355104
890.99451017,0.00230113
891.16460848,0.00231607
891.33470957,0.00172463
891.50481345,0.00215984
891.67492012,0.00176820
891.84502956,0.00195175
892.01514178,0.00278418
892.18525678,0.00251977
892.35537455,0.00230812
892.52549509,0.00184674
892.69561840,0.00200252
892.86574448,0.00078748
893.03587332,0.00131270
893.20600492,0.00191684
893.37613929,0.00186818
893.54627641,0.00087251
893.71641629,0.00330273
893.88655892,0.00076629
894.05670430,0.00168235
894.22685242,0.00127111
894.39700330,-0.00034867
894.56715692,0.00182504
894.73731328,0.00164036
894.90747237,0.00190305
895.07763421,0.00220878
895.24779878,0.00262715
895.41796608,0.00155526
895.58813611,0.00246482
895.75830887,0.00179707
895.92848435,0.00247873
896.09866256,0.00020468
896.26884349,0.00355137
896.43902714,0.00352325
896.60921350,0.00161887
896.77940257,0.00053087
896.94959436,0.00195178
897.11978886,0.00193862
897.28998606,0.00101490
897.46018597,0.00061722
897.63038858,0.00287664
897.80059389,0.00181764
897.97080190,0.00213090
898.14101260,0.00045385
898.31122600,0.00317558
898.48144208,-0.00027037
898.65166086,0.00091547
898.82188232,0.00186795
898.99210647,0.00137129
899.16233329,0.00136976
899.33256280,0.00041179
899.50279498,0.00163270
899.67302984,0.00081575
899.84326737,0.00225899
900.01350757,0.00171163
900.18375044,0.00068072
900.35399597,0.00040358
900.52424417,0.00240805
900.69449502,0.00106439
900.86474854,0.00060417
901.03500471,0.00250710
901.20526354,0.00115014
901.37552501,0.00288410
901.54578914,0.00115037
901.71605591,0.00282709
901.88632533,0.00072270
902.05659739,0.00169785
902.22687209,0.00332421
902.39714943,0.00139156
902.56742940,0.00229326
902.73771201,0.00218685
902.90799725,0.00075938
903.07828512,-0.00019195
903.24857561,0.00201742
903.41886873,0.00079462
903.58916446,0.00066716
903.75946282,0.00071634
903.92976380,0.00152591
904.10006739,0.00357315
904.27037359,0.00062391
904.44068240,0.00104328
904.61099382,0.00063819
904.78130785,0.00213759
904.95162448,0.00202393
905.12194371,0.00144923
905.29226554,0.00024134
905.46258996,0.00130636
905.63291698,0.00196067
905.80324659,-0.00010738
905.97357879,-0.00013626
906.14391358,0.00172592
906.31425095,0.00058109
906.48459091,0.00141234
906.65493345,0.00127125
906.82527856,0.00208077
906.99562625,0.00170421
907.16597651,0.00167561
907.33632934,0.00281922
907.50668475,0.00081672
907.67704271,0.00224431
907.84740325,0.00222394
908.01776634,0.00320328
908.18813200,0.00003447
908.35850021,0.00157011
908.52887097,0.00291200
908.69924429,0.00227225
908.86962016,0.00161125
909.03999858,0.00273370
909.21037954,0.00306820
909.38076305,0.00274914
909.55114910,0.00362190
909.72153769,0.00382212
909.89192881,0.00404134
910.06232247,0.00592528
910.23271866,0.00490180
910.40311737,0.00546192
910.57351862,0.00986705
910.74392239,0.01549542
910.91432869,0.05499041
911.08473750,0.21292801
911.25514883,0.36759315
911.42556268,0.35272081
911.59597904,0.26323071
911.76639792,0.22050930
911.93681930,0.17317055
912.10724319,0.14330921
912.27766958,0.11820821
912.44809847,0.10227928
912.61852987,0.08928469
912.78896376,0.07607747
912.95940015,0.06792708
913.12983903,0.05508989
913.30028040,0.04608835
913.47072426,0.03940876
913.64117060,0.03089088
913.81161943,0.02800602
913.98207074,0.02384192
914.15252453,0.02002012
914.32298079,0.02033953
914.49343953,0.01597653
914.66390075,0.01387455
914.83436443,0.01156474
915.00483058,0.00633647
915.17529919,0.00490144
915.34577027,0.00470275
915.51624381,0.00360735
915.68671980,0.00267010
915.85719825,0.00271241
916.02767916,0.00473089
916.19816252,0.00157684
916.36864832,0.00007782
916.53913657,0.00328130
916.70962727,0.00142777
916.88012041,0.00215882
917.05061599,0.00265594
917.22111401,0.00282643
917.39161446,0.00057494
917.56211735,0.00203767
917.73262266,0.00189615
917.90313041,0.00163306
918.07364058,0.00125599
918.24415317,0.00176807
918.41466819,0.00321096
918.58518562,0.00225049
918.75570547,0.00032606
918.92622774,0.00072264
919.09675242,0.00255772
919.26727950,0.00101573
919.43780900,0.00138507
919.60834090,0.00208132
919.77887521,0.00162513
919.94941191,0.00093035
920.11995101,0.00049668
920.29049251,0.00164121
920.46103641,0.00247892
920.63158269,0.00225840
920.80213137,0.00245718
920.97268243,0.00369339
921.14323587,0.00624523
921.31379170,0.01312832
921.48434991,0.01105292
921.65491050,0.00843240
921.82547346,0.00640729
921.99603879,0.00598104
922.16660650,0.00327476
922.33717657,0.00553409
922.50774901,0.00549708
922.67832382,0.00507179
922.84890098,0.00294686
923.01948051,0.00316742
923.19006239,0.00259197
923.36064663,0.00205232
923.53123322,0.00305374
923.70182215,0.00193861
923.87241344,0.00331637
924.04300707,0.00132733
924.21360305,0.00374281
924.38420137,0.00224467
924.55480202,0.00473140
924.72540501,0.01132392
924.89601034,0.03049232
925.06661800,0.04868831
925.23722798,0.06500772
925.40784030,0.07521084
925.57845494,0.07354786
925.74907190,0.05713546
925.91969118,0.05022230
926.09031278,0.04163243
926.26093669,0.03346915
926.43156292,0.02800617
926.60219146,0.02365813
926.77282231,0.02075916
926.94345546,0.01606292
927.11409092,0.01560017
927.28472868,0.01503866
927.45536874,0.01173600
927.62601110,0.01098244
927.79665575,0.00774935
927.96730269,0.00854685
928.13795193,0.00649958
928.30860345,0.00605923
928.47925726,0.00606659
928.64991335,0.00474422
928.82057172,0.00575385
928.99123237,0.00131977
929.16189530,0.00184683
929.33256050,0.00292657
929.50322798,0.00177457
929.67389772,0.00186045
929.84456973,0.00064524
930.01524401,0.00174689
930.18592055,0.00107189
930.35659934,0.00267069
930.52728040,0.00022668
930.69796371,0.00015562
930.86864928,0.00075902
931.03933710,-0.00002227
931.21002716,0.00119238
931.38071948,-0.00066199
931.55141403,0.00247144
931.72211083,0.00219528
931.89280987,0.00147685
932.06351115,0.00174054
932.23421466,0.00027569
932.40492040,0.00099389
932.57562837,0.00236391
932.74633858,0.00055306
932.91705100,0.00117936
933.08776565,0.00124953
933.25848253,0.00115667
933.42920162,0.00212316
933.59992293,0.00123646
933.77064645,0.00006365
933.94137218,0.00269927
934.11210013,0.00215234
934.28283028,0.00427648
934.45356264,0.00318203
934.62429720,0.00057479
934.79503396,0.00145540
934.96577292,0.00186828
935.13651407,0.00035423
935.30725742,0.00109382
935.47800296,0.00151910
935.64875069,0.00184628
935.81950060,0.00242844
935.99025270,0.00112872
936.16100698,0.00335287
936.33176344,0.00144882
936.50252208,0.00166903
936.67328290,0.00085865
936.84404588,0.00123525
937.01481104,0.00040367
937.18557837,0.00379974
937.35634786,0.00289118
937.52711951,0.00210933
937.69789333,0.00181841
937.86866931,0.00094360
938.03944744,0.00188890
938.21022773,0.00109990
938.38101017,0.00005561
938.55179476,0.00083686
938.72258149,0.00131378
938.89337038,0.00102934
939.06416140,0.00132740
939.23495457,0.00122171
939.40574987,0.00149838
939.57654731,0.00137757
939.74734689,0.00102182
939.91814859,-0.00118058
940.08895243,-0.00030580
940.25975839,-0.00093816
940.43056648,0.00151261
940.60137668,0.00043841
940.77218901,0.00153999
940.94300346,0.00009805
941.11382002,-0.00064075
941.28463870,0.00027525
941.45545948,0.00131293
941.62628238,0.00004897
941.79710738,-0.00031396
941.96793448,-0.00003701
942.13876368,-0.00138655
942.30959499,0.00215167
942.48042839,0.00169020
942.65126389,0.00146979
942.82210148,0.00272018
942.99294116,-0.00028575
943.16378292,0.00142770
943.33462677,0.00119881
943.50547271,0.00248545
943.67632072,0.00225791
943.84717082,0.00127012
944.01802299,0.00181026
944.18887723,-0.00189780
944.35973355,0.00012698
944.53059194,0.00122776
944.70145239,0.00176764
944.87231491,0.00231445
945.04317949,-0.00052639
945.21404613,0.00136913
945.38491482,0.00252075
945.55578558,0.00055294
945.72665838,0.00010526
945.89753324,0.00170348
946.06841015,0.00100041
946.23928910,0.00076014
946.41017010,0.00058163
946.58105314,-0.00054803
946.75193821,0.00175387
946.92282533,-0.00077564
947.09371448,0.00177543
947.26460566,0.00030559
947.43549887,0.00227938
947.60639411,0.00146283
947.77729138,0.00043195
947.94819067,-0.00123027
948.11909198,-0.00012845
948.28999531,0.00119851
948.46090065,0.00017675
948.63180801,0.00090182
948.80271738,0.00004876
948.97362876,0.00046060
949.14454215,0.00026319
949.31545754,0.00009151
949.48637494,0.00060220
949.65729434,0.00176799
949.82821573,0.00073006
949.99913912,0.00016919
950.17006450,0.00170414
950.34099188,-0.00046240
950.51192124,0.00158394
950.68285259,0.00088655
950.85378592,0.00041807
951.02472124,-0.00039912
951.19565853,0.00043943
951.36659780,0.00238603
951.53753905,0.00092986
951.70848227,0.00131375
951.87942746,0.00066014
952.05037462,0.00083729
952.22132374,0.00157005
952.39227483,-0.00007821
952.56322788,0.00060953
952.73418288,-0.00005022
952.90513985,-0.00037011
953.07609877,0.00011317
953.24705964,0.00094374
953.41802246,0.00007000
953.58898722,0.00129253
953.75995394,0.00000622
953.93092259,-0.00089627
954.10189319,0.00221530
954.27286572,0.00136269
954.44384019,0.00156930
954.61481659,-0.00007315
954.78579493,-0.00008603
954.95677519,0.00158344
955.12775738,-0.00061872
955.29874150,-0.00025013
955.46972753,0.00096596
955.64071549,0.00075950
955.81170536,-0.00118006
955.98269715,0.00031838
956.15369085,0.00090848
956.32468646,-0.00040555
956.49568399,0.00052459
956.66668341,0.00016834
956.83768474,0.00218010
957.00868797,0.00024059
957.17969310,0.00217319
957.35070013,0.00115613
957.52170905,0.00136378
957.69271986,-0.00012888
957.86373257,0.00186704
958.03474716,0.00229237
958.20576364,0.00193117
958.37678199,-0.00154308
958.54780223,0.00205335
958.71882435,0.00086579
958.88984835,0.00059587
959.06087421,0.00102945
959.23190195,0.00140633
959.40293156,0.00153310
959.57396304,0.00081572
959.74499638,0.00147756
959.91603158,0.00068777
960.08706864,0.00038214
960.25810756,0.00070236
960.42914833,-0.00016440
960.60019096,0.00182437
960.77123544,0.00029838
960.94228177,-0.00066181
961.11332994,0.00063863
961.28437996,0.00229385
961.45543181,0.00099347
961.62648551,0.00183925
961.79754104,0.00059712
961.96859841,0.00070252
962.13965761,0.00215227
962.31071865,0.00112112
962.48178150,0.00060990
962.65284619,0.00235049
962.82391270,0.00019793
962.99498102,0.00200304
963.16605117,0.00161867
963.33712313,0.00125700
963.50819691,0.00172545
963.67927250,0.00247831
963.85034989,0.00283352
964.02142910,0.00200968
964.19251011,0.00421329
964.36359292,0.01143787
964.53467753,0.03266657
964.70576394,0.05251091
964.87685215,0.04734554
965.04794214,0.03647466
965.21903393,0.03041454
965.39012751,0.02475923
965.56122287,0.01995640
965.73232002,0.01869130
965.90341895,0.01461438
966.07451966,0.01287368
966.24562214,0.01221275
966.41672640,0.01084044
966.58783244,0.00932698
966.75894024,0.00876655
966.93004981,0.00808479
967.10116115,0.00730935
967.27227425,0.00430515
967.44338911,0.00375020
967.61450573,0.00376431
967.78562410,0.00158990
967.95674423,0.00173243
968.12786611,0.00124146
968.29898974,0.00247131
968.47011512,0.00140636
968.64124224,0.00236412
968.81237111,0.00242176
968.98350171,0.00098608
969.15463406,0.00316696
969.32576814,0.00127072
969.49690395,0.00237125
969.66804149,0.00246413
969.83918076,0.00141185
970.01032176,0.00192347
970.18146449,0.00095787
970.35260893,0.00110029
970.52375509,0.00274828
970.69490298,0.00132801
970.86605257,0.00030534
971.03720388,0.00262818
971.20835690,0.00019185
971.37951163,0.00139851
971.55066806,0.00191734
971.72182619,0.00142651
971.89298603,0.00111360
972.06414757,-0.00032774
972.23531080,0.00333008
972.40647573,0.00149013
972.57764235,0.00164754
972.74881065,0.00144162
972.91998065,0.00173233
973.09115233,0.00321746
973.26232569,0.00141271
973.43350074,0.00205943
973.60467746,0.00186734
973.77585586,0.00214473
973.94703593,0.00263556
974.11821767,0.00030509
974.28940108,0.00090909
974.46058616,0.00099342
974.63177290,0.00041144
974.80296131,0.00077343
974.97415137,0.00102882
975.14534309,0.00256357
975.31653647,-0.00025715
975.48773149,0.00161828
975.65892817,0.00166115
975.83012650,0.00284753
976.00132648,0.00051114
976.17252809,0.00073072
976.34373135,0.00181816
976.51493625,0.00205871
976.68614278,0.00050308
976.85735095,0.00161889
977.02856075,-0.00102310
977.19977218,0.00212409
977.37098524,0.00306106
977.54219992,0.00297645
977.71341623,0.00494463
977.88463415,0.00178328
978.05585370,0.00291908
978.22707486,0.00239997
978.39829763,0.00285536
978.56952202,0.00260060
978.74074801,0.00070182
978.91197561,0.00264230
979.08320482,0.00316668
979.25443562,0.00209661
979.42566803,0.00271995
979.59690204,0.00126362
979.76813764,0.00389269
979.93937483,0.00281246
980.11061361,0.00281287
980.28185399,0.00261367
980.45309595,-0.00012130
980.62433949,0.00149155
980.79558461,0.00120657
980.96683131,0.00244932
981.13807959,0.00194569
981.30932945,0.00312468
981.48058087,0.00362272
981.65183387,0.00465220
981.82308843,0.00372837
981.99434456,0.00081589
982.16560225,0.00212437
982.33686151,0.00240733
982.50812232,0.00190996
982.67938468,0.00364285
982.85064861,0.00157633
983.02191408,0.00324586
983.19318110,0.00224447
983.36444967,0.00150584
983.53571978,0.00211593
983.70699144,0.00167604
983.87826463,0.00137092
984.04953937,0.00085237
984.22081564,0.00191071
984.39209344,0.00109426
984.56337277,0.00154801
984.73465363,0.00325299
984.90593602,0.00353783
985.07721993,0.00294011
985.24850536,0.00134193
985.41979231,0.00175288
985.59108078,0.00237900
985.76237077,-0.00000776
985.93366226,0.00073837
986.10495527,0.00436865
986.27624978,0.00240686
986.44754580,0.00187436
986.61884333,0.00298988
986.79014235,0.00264199
986.96144287,0.00293339
987.13274489,0.00155489
987.30404840,0.00099388
987.47535341,0.00276962
987.64665990,0.00116488
987.81796788,0.00184665
987.98927735,0.00225774
988.16058829,0.00232251
988.33190072,0.00190292
988.50321463,0.00225107
988.67453001,0.00151234
988.84584686,0.00361482
989.01716519,0.00140656
989.18848498,0.00213155
989.35980625,0.00372099
989.53112897,0.00234362
989.70245316,0.00360127
989.87377880,0.00288426
990.04510591,0.00360124
990.21643446,0.00431180
990.38776447,0.00222212
990.55909593,0.00441112
990.73042884,0.00305463
990.90176320,0.00220851
991.07309900,0.00338826
991.24443623,0.00257120
991.41577491,0.00232256
991.58711503,0.00166192
991.75845657,0.00329623
991.92979955,0.00438915
992.10114396,0.00256447
992.27248980,0.00414871
992.44383706,0.00248540
992.61518574,0.00347404
992.78653585,0.00203834
992.95788737,0.00269210
993.12924031,0.00384281
993.30059466,0.00246466
993.47195042,0.00338100
993.64330760,0.00226501
993.81466617,0.00189560
993.98602616,0.00345257
994.15738754,0.00356526
994.32875033,0.00115036
994.50011451,0.00399138
994.67148008,0.00326056
994.84284705,0.00305529
995.01421541,0.00216518
995.18558516,0.00288337
995.35695629,0.00397733
995.52832881,0.00213716
995.69970271,0.00213035
995.87107798,0.00276306
996.04245464,0.00291109
996.21383266,0.00241445
996.38521206,-0.00019992
996.55659283,0.00192369
996.72797497,0.00202384
996.89935847,0.00287723
997.07074334,0.00196014
997.24212956,0.00296223
997.41351715,0.00245688
997.58490609,0.00173226
997.75629638,0.00272755
997.92768802,0.00191730
998.09908102,0.00023325
998.27047536,0.00322466
998.44187104,0.00354447
998.61326807,0.00142675
998.78466643,0.00272056
998.95606614,0.00185288
999.12746718,0.00355246
999.29886955,0.00323798
999.47027325,0.00164809
999.64167828,0.00318868
999.81308464,0.00259132
999.98449232,0.00319504
1000.15590132,0.00181120
1000.32731164,0.00405575
1000.49872328,0.00406265
1000.67013623,0.00159681
1000.84155049,0.00433903
1001.01296607,0.00180322
1001.18438295,0.00245739
1001.35580113,0.00130544
1001.52722062,0.00236482
1001.69864141,0.00414834
1001.87006350,0.00252865
1002.04148689,0.00303720
1002.21291157,0.00484505
1002.38433754,0.00559817
1002.55576479,0.00513608
1002.72719334,0.00324720
1002.89862317,0.00370072
1003.07005428,0.00452387
1003.24148668,0.00288296
1003.41292035,0.00306860
1003.58435529,0.00482995
1003.75579151,0.00301839
1003.92722900,0.00135572
1004.09866776,0.00506381
1004.27010778,0.00168317
1004.44154907,0.00293948
1004.61299162,0.00237238
1004.78443543,0.00386439
1004.95588049,0.00273452
1005.12732681,-0.00000047
1005.29877438,0.00301080
1005.47022321,0.00239345
1005.64167328,0.00268591
1005.81312459,0.00166865
1005.98457715,0.00275613
1006.15603095,0.00245692
1006.32748599,0.00252218
1006.49894226,0.00153387
1006.67039977,0.00129269
1006.84185851,0.00492317
1007.01331848,0.00244281
1007.18477968,0.00242147
1007.35624210,0.00199517
1007.52770574,0.00187380
1007.69917060,0.00281232
1007.87063668,0.00240779
1008.04210398,0.00380055
1008.21357249,0.00325982
1008.38504221,0.00320244
1008.55651314,0.00214517
1008.72798528,0.00077998
1008.89945862,0.00241438
1009.07093316,0.00255649
1009.24240890,0.00218066
1009.41388583,0.00142714
1009.58536397,0.00241566
1009.75684329,0.00341681
1009.92832381,0.00127770
1010.09980551,0.00232860
1010.27128840,0.00338113
1010.44277247,0.00034727
1010.61425772,0.00517839
1010.78574416,0.00331654
1010.95723176,0.00146253
1011.12872055,0.00303967
1011.30021050,0.00232161
1011.47170162,0.00247186
1011.64319391,0.00306092
1011.81468737,0.00063962
1011.98618199,0.00404091
1012.15767776,0.00160568
1012.32917470,0.00349558
1012.50067279,0.00264947
1012.67217204,0.00388453
1012.84367243,0.00296978
1013.01517398,0.00302520
1013.18667667,0.00326826
1013.35818051,0.00191707
1013.52968548,0.00160517
1013.70119160,0.00316794
1013.87269885,0.00199576
1014.04420724,0.00235719
1014.21571677,0.00306050
1014.38722742,0.00267792
1014.55873920,0.00104416
1014.73025210,0.00265599
1014.90176613,0.00108673
1015.07328128,0.00185437
1015.24479755,0.00171867
1015.41631494,0.00312497
1015.58783344,0.00372894
1015.75935305,0.00457424
1015.93087377,0.00269373
1016.10239560,0.00467464
1016.27391854,0.00181797
1016.44544257,0.00209554
1016.61696771,0.00301153
1016.78849395,0.00129221
1016.96002128,0.00309692
1017.13154970,0.00120766
1017.30307922,0.00339473
1017.47460982,0.00373589
1017.64614151,0.00187471
1017.81767429,0.00238598
1017.98920815,0.00311044
1018.16074308,0.00209540
1018.33227910,0.00258492
1018.50381619,0.00230811
1018.67535435,0.00247161
1018.84689359,0.00223011
1019.01843389,0.00166838
1019.18997525,0.00110051
1019.36151769,0.00389865
1019.53306118,0.00095809
1019.70460573,0.00227988
1019.87615134,0.00282649
1020.04769800,0.00389909
1020.21924571,0.00260688
1020.39079448,0.00143365
1020.56234429,0.00309707
1020.73389515,0.00374991
1020.90544705,0.00164748
1021.07699999,0.00055344
1021.24855397,0.00282683
1021.42010898,0.00360892
1021.59166503,0.00173996
1021.76322211,0.00196711
1021.93478022,0.00062354
1022.10633936,0.00218011
1022.27789952,0.00313945
1022.44946070,0.00337417
1022.62102290,0.00131422
1022.79258612,0.00357930
1022.96415036,0.00466050
1023.13571560,0.00174802
1023.30728186,0.00238670
1023.47884913,0.00215166
1023.65041740,0.00198831
1023.82198668,0.00303899
1023.99355696,0.00141323
1024.16512824,0.00223683
1024.33670051,0.00323089
1024.50827378,0.00112884
1024.67984804,0.00271395
1024.85142329,0.00132797
1025.02299953,0.00225859
1025.19457675,0.00353007
1025.36615496,0.00335199
1025.53773415,0.00041840
1025.70931432,0.00269205
1025.88089546,0.00423339
1026.05247758,0.00250716
1026.22406066,0.00303348
1026.39564472,0.00252096
1026.56722975,0.00305476
1026.73881573,0.00351575
1026.91040269,0.00095781
1027.08199060,0.00245035
1027.25357947,0.00355910
1027.42516929,0.00161182
1027.59676007,0.00237219
1027.76835180,0.00387884
1027.93994447,0.00213030
1028.11153810,0.00332392
1028.28313266,0.00447533
1028.45472817,0.00154830
1028.62632462,0.00326731
1028.79792201,0.00389967
1028.96952033,0.00459560
1029.14111958,0.00222265
1029.31271976,0.00255036
1029.48432087,0.00311881
1029.65592291,0.00196663
1029.82752587,0.00118573
1029.99912975,0.00176056
1030.17073454,0.00080221
1030.34234026,0.00190324
1030.51394689,0.00309132
1030.68555443,0.00021194
1030.85716288,0.00335992
1031.02877223,0.00251429
1031.20038250,0.00385702
1031.37199366,0.00170378
1031.54360573,0.00305514
1031.71521869,0.00206712
1031.88683255,0.00312495
1032.05844730,0.00254976
1032.23006294,0.00115026
1032.40167947,0.00241447
1032.57329689,0.00115721
1032.74491519,0.00154125
1032.91653437,0.00457449
1033.08815444,0.00169706
1033.25977538,0.00016321
1033.43139719,0.00370794
1033.60301988,0.00197534
1033.77464343,0.00184629
1033.94626786,0.00259899
1034.11789315,0.00306831
1034.28951931,0.00173903
1034.46114632,0.00159020
1034.63277420,0.00158292
1034.80440293,0.00104319
1034.97603251,0.00155500
1035.14766295,0.00230086
1035.31929424,0.00084481
1035.49092637,0.00343815
1035.66255935,0.00413419
1035.83419317,0.00055382
1036.00582783,0.00213716
1036.17746333,0.00384276
1036.34909967,0.00244208
1036.52073684,0.00088712
1036.69237484,0.00098676
1036.86401367,0.00121328
1037.03565332,0.00259183
1037.20729380,0.00259286
1037.37893511,0.00343085
1037.55057723,0.00082379
1037.72222017,0.00241451
1037.89386392,0.00098632
1038.06550849,0.00186731
1038.23715386,0.00414105
1038.40880005,0.00218713
1038.58044704,0.00161121
1038.75209484,0.00208036
1038.92374343,0.00321670
1039.09539283,0.00268436
1039.26704302,0.00325419
1039.43869400,0.00056669
1039.61034578,0.00050378
1039.78199835,0.00274207
1039.95365171,0.00117124
1040.12530585,0.00216585
1040.29696077,0.00280528
1040.46861647,0.00238652
1040.64027295,0.00248556
1040.81193021,0.00274122
1040.98358824,0.00195254
1041.15524705,0.00198166
1041.32690662,0.00225856
1041.49856696,0.00205942
1041.67022806,0.00233681
1041.84188992,0.00184632
1042.01355255,0.00227322
1042.18521593,0.00270602
1042.35688007,0.00257068
1042.52854496,0.00187479
1042.70021060,0.00311061
1042.87187699,0.00405591
1043.04354412,0.00219372
1043.21521200,0.00200325
1043.38688062,0.00347379
1043.55854998,0.00290513
1043.73022008,0.00365869
1043.90189091,0.00240742
1044.07356247,0.00290428
1044.24523477,0.00278504
1044.41690779,0.00413347
1044.58858153,0.00345306
1044.76025600,0.00193159
1044.93193119,0.00342957
1045.10360710,0.00212348
1045.27528372,0.00292616
1045.44696106,0.00246503
1045.61863911,0.00330998
1045.79031787,0.00326061
1045.96199733,0.00379210
1046.13367750,0.00273474
1046.30535838,0.00446874
1046.47703995,0.00148394
1046.64872222,0.00498026
1046.82040518,0.00193213
1046.99208884,0.00268470
1047.16377319,0.00387834
1047.33545823,0.00245044
1047.50714395,0.00223008
1047.67883036,0.00410483
1047.85051745,0.00117178
1048.02220522,0.00319655
1048.19389366,0.00280522
1048.36558278,0.00231534
1048.53727257,0.00462980
1048.70896304,0.00249933
1048.88065417,0.00302529
1049.05234596,0.00230042
1049.22403842,0.00419754
1049.39573154,0.00322395
1049.56742532,0.00361634
1049.73911975,0.00332306
1049.91081484,0.00172518
1050.08251058,0.00289034
1050.25420697,0.00380839
1050.42590401,0.00400653
1050.59760169,0.00316764
1050.76930001,0.00388554
1050.94099897,0.00276957
1051.11269857,0.00083806
1051.28439881,0.00343788
1051.45609968,0.00213737
1051.62780118,0.00252874
1051.79950331,0.00312622
1051.97120607,0.00222230
1052.14290945,0.00181081
1052.31461345,0.00178983
1052.48631807,0.00306076
1052.65802331,0.00232958
1052.82972916,0.00324598
1053.00143563,0.00284172
1053.17314271,0.00366423
1053.34485039,0.00311814
1053.51655868,0.00265666
1053.68826757,0.00309703
1053.85997707,0.00351584
1054.03168716,0.00449715
1054.20339785,0.00184000
1054.37510913,0.00340176
1054.54682101,0.00227276
1054.71853347,0.00502923
1054.89024652,0.00144089
1055.06196016,0.00247186
1055.23367438,0.00110666
1055.40538918,0.00114326
1055.57710455,0.00277730
1055.74882051,0.00223661
1055.92053703,-0.00001472
1056.09225413,0.00197510
1056.26397180,0.00355072
1056.43569003,0.00284927
1056.60740883,0.00112839
1056.77912819,0.00312516
1056.95084811,0.00202988
1057.12256858,0.00217369
1057.29428961,0.00262734
1057.46601120,0.00195268
1057.63773333,0.00323834
1057.80945601,0.00333768
1057.98117924,0.00213763
1058.15290301,0.00388573
1058.32462732,0.00152747
1058.49635217,0.00308293
1058.66807756,0.00204548
1058.83980348,0.00244168
1059.01152994,0.00231505
1059.18325692,0.00240035
1059.35498443,0.00256315
1059.52671247,0.00186022
1059.69844103,0.00215892
1059.87017011,0.00205160
1060.04189970,0.00220126
1060.21362982,0.00373632
1060.38536045,0.00304043
1060.55709158,0.00202385
1060.72882323,0.00228576
1060.90055538,0.00372210
1061.07228804,0.00240024
1061.24402120,-0.00018583
1061.41575486,0.00322420
1061.58748902,0.00177465
1061.75922367,0.00195201
1061.93095882,0.00237876
1062.10269445,0.00284788
1062.27443058,0.00126413
1062.44616719,0.00148499
1062.61790428,0.00267087
1062.78964186,0.00284075
1062.96137991,0.00244969
1063.13311844,0.00306802
1063.30485745,0.00081708
1063.47659693,0.00222970
1063.64833687,0.00203781
1063.82007729,0.00225155
1063.99181817,0.00198921
1064.16355951,0.00139082
1064.33530131,0.00047536
1064.50704358,0.00178985
1064.67878629,0.00422642
1064.85052947,0.00206635
1065.02227309,0.00326794
1065.19401716,0.00357991
1065.36576168,0.00353015
1065.53750664,0.00054638
1065.70925205,0.00238670
1065.88099789,0.00318925
1066.05274418,0.00252909
1066.22449090,0.00090096
1066.39623805,0.00291298
1066.56798563,0.00093728
1066.73973364,0.00249986
1066.91148208,0.00285519
1067.08323094,0.00263456
1067.25498022,0.00100714
1067.42672992,0.00216649
1067.59848004,0.00208089
1067.77023057,0.00220815
1067.94198152,0.00205954
1068.11373287,0.00291235
1068.28548464,0.00157597
1068.45723680,0.00235156
1068.62898938,0.00240812
1068.80074235,0.00194663
1068.97249572,0.00284876
1069.14424948,0.00099357
1069.31600365,0.00303969
1069.48775820,0.00193163
1069.65951314,0.00082403
1069.83126847,0.00135600
1070.00302418,0.00231521
1070.17478028,0.00171799
1070.34653675,0.00061083
1070.51829360,0.00127885
1070.69005083,0.00099378
1070.86180844,0.00141309
1071.03356641,0.00189509
1071.20532475,0.00299011
1071.37708346,0.00233659
1071.54884253,0.00173960
1071.72060196,0.00178889
1071.89236175,0.00055992
1072.06412190,0.00213734
1072.23588241,0.00191065
1072.40764327,0.00134139
1072.57940447,0.00271938
1072.75116603,0.00297554
1072.92292793,0.00167574
1073.09469017,0.00247790
1073.26645276,0.00133515
1073.43821568,0.00242931
1073.60997894,0.00345937
1073.78174253,0.00154731
1073.95350646,0.00141989
1074.12527071,0.00155445
1074.29703530,0.00267034
1074.46880020,0.00195275
1074.64056543,0.00054592
1074.81233098,0.00148339
1074.98409685,0.00076755
1075.15586303,0.00284129
1075.32762953,0.00135533
1075.49939634,0.00112102
1075.67116345,0.00072426
1075.84293088,0.00031214
1076.01469860,0.00118561
1076.18646663,0.00218680
1076.35823496,0.00300515
1076.53000358,0.00055225
1076.70177250,0.00180384
1076.87354172,0.00068110
1077.04531122,0.00286970
1077.21708101,0.00041883
1077.38885109,0.00014889
1077.56062145,0.00353703
1077.73239209,0.00270749
1077.90416301,-0.00089601
1078.07593421,-0.00081751
1078.24770568,0.00251430
1078.41947742,0.00089483
1078.59124943,-0.00101734
1078.76302171,0.00183963
1078.93479426,0.00144889
1079.10656707,0.00191741
1079.27834014,0.00154846
1079.45011346,0.00115022
1079.62188704,0.00180454
1079.79366088,0.00163319
1079.96543496,0.00177485
1080.13720930,0.00147647
1080.30898388,0.00084467
1080.48075871,0.00215819
1080.65253378,0.00378563
1080.82430908,0.00204586
1080.99608463,0.00282753
1081.16786041,0.00199473
1081.33963642,-0.00006477
1081.51141267,0.00203043
1081.68318914,0.00192493
1081.85496584,0.00152019
1082.02674276,0.00322521
1082.19851990,0.00504325
1082.37029726,0.00625798
1082.54207484,0.00512963
1082.71385263,0.00510055
1082.88563064,0.00254973
1083.05740885,0.00219455
1083.22918727,0.00380046
1083.40096590,0.00378516
1083.57274473,0.00305466
1083.74452376,0.00119307
1083.91630299,0.00299731
1084.08808242,0.00188163
1084.25986203,0.00207307
1084.43164184,0.00043251
1084.60342184,0.00134856
1084.77520203,0.00175980
1084.94698240,0.00252880
1085.11876295,0.00448890
1085.29054368,0.00028363
1085.46232459,0.00264926
1085.63410568,0.00174640
1085.80588693,0.00185385
1085.97766836,0.00249944
1086.14944996,0.00343058
1086.32123172,0.00320352
1086.49301365,0.00248622
1086.66479574,0.00332387
1086.83657798,0.00245760
1087.00836039,0.00092307
1087.18014295,0.00086686
1087.35192566,0.00026226
1087.52370852,0.00188879
1087.69549152,0.00133453
1087.86727468,0.00119283
1088.03905797,0.00028243
1088.21084141,0.00306845
1088.38262499,0.00202345
1088.55440870,0.00264877
1088.72619255,0.00230901
1088.89797652,0.00138429
1089.06976063,0.00288441
1089.24154486,-0.00022080
1089.41332922,0.00029048
1089.58511370,0.00093002
1089.75689830,0.00144255
1089.92868302,0.00253607
1090.10046785,0.00316121
1090.27225280,0.00147666
1090.44403786,0.00139272
1090.61582302,0.00210176
1090.78760829,0.00190235
1090.95939367,0.00110672
1091.13117915,0.00021235
1091.30296472,0.00111376
1091.47475040,0.00099348
1091.64653616,0.00092941
1091.81832203,0.00145694
1091.99010798,0.00241452
1092.16189402,0.00238573
1092.33368014,-0.00022060
1092.50546635,0.00159614
1092.67725263,0.00076639
1092.84903900,0.00161140
1093.02082544,0.00061064
1093.19261196,0.00120663
1093.36439855,0.00176903
1093.53618521,0.00153993
1093.70797193,0.00059614
1093.87975872,0.00015553
1094.05154558,0.00185434
1094.22333249,0.00031120
1094.39511946,0.00080176
1094.56690649,0.00274801
1094.73869356,0.00122163
1094.91048070,0.00106499
1095.08226787,0.00056735
1095.25405510,0.00172558
1095.42584237,0.00258580
1095.59762968,-0.00073197
1095.76941703,0.00291851
1095.94120442,0.00012713
1096.11299184,0.00201548
1096.28477930,0.00042574
1096.45656678,0.00120677
1096.62835429,0.00068870
1096.80014183,0.00041822
1096.97192940,0.00064520
1097.14371698,0.00011214
1097.31550458,0.00109305
1097.48729220,0.00076009
1097.65907983,0.00040366
1097.83086748,0.00066748
1098.00265513,0.00274807
1098.17444279,0.00028337
1098.34623046,-0.00002191
1098.51801813,0.00019125
1098.68980580,0.00063171
1098.86159347,0.00138501
1099.03338113,0.00131311
1099.20516878,0.00197446
1099.37695643,0.00094413
1099.54874407,0.00146280
1099.72053169,0.00043919
1099.89231930,0.00068078
1100.06410689,0.00094281
1100.23589446,0.00054543
1100.40768200,0.00211606
1100.57946952,0.00195917
1100.75125702,0.00034692
1100.92304448,0.00203891
1101.09483191,0.00095149
1101.26661931,0.00281291
1101.43840667,0.00144143
1101.61019400,0.00259131
1101.78198128,0.00109926
1101.95376852,0.00092989
1102.12555571,0.00256331
1102.29734285,0.00196762
1102.46912995,0.00197361
1102.64091699,0.00187406
1102.81270398,0.00259189
1102.98449091,0.00029769
1103.15627778,0.00178209
1103.32806459,0.00065355
1103.49985133,0.00244325
1103.67163801,-0.00008618
1103.84342462,0.00280576
1104.01521115,0.00112115
1104.18699762,0.00063785
1104.35878401,-0.00025622
1104.53057032,0.00126359
1104.70235655,0.00201621
1104.87414270,0.00296212
1105.04592876,0.00092951
1105.21771474,0.00148259
1105.38950063,-0.00015719
1105.56128642,0.00050314
1105.73307212,0.00156198
1105.90485773,-0.00003260
1106.07664324,0.00005988
1106.24842864,-0.00031684
1106.42021394,0.00001712
1106.59199914,-0.00028840
1106.76378423,0.00057135
